"id_materia","nombre_materia","clave_alfa","hsm","ebc","id_carrera","cuatrimestre","n_unidades","integradora"
2,"ADMINISTRACION DE PROYECTOS I","APRY1",4,"A",4,4,4,"-"
3,"ADMINISTRACION DE PROYECTOS II","APRY2",4,"A",4,5,4,"-"
4,"ADMINISTRACION DEL CAPITAL DE TRABAJO","ACT",5,"A",4,3,4,"-"
5,"ANALISIS E INTERPRETACION DE ESTADOS FINANCIEROS","AIEFI",5,"A",4,2,4,"-"
6,"CALIDAD","CALID",4,"A",4,5,5,"-"
7,"COMERCIALIZACION","COMER",6,"A",4,5,4,"-"
8,"CONSULTORIA EMPRESARIAL","COEMP",4,"A",4,5,5,"-"
9,"CONTABILIDAD I","CONT1",7,"A",4,1,5,"-"
10,"CONTABILIDAD II","CONT2",6,"A",4,2,3,"-"
11,"DESARROLLO LOCAL Y REGIONAL I","DLR",3,"A",4,3,3,"-"
12,"DESARROLLO LOCAL Y REGIONAL II","DELR",4,"A",4,4,3,"-"
13,"ECONOMIA APLICADA A LOS NEGOCIOS","ECANE",4,"A",4,3,4,"-"
14,"ESTADISTICA","ESTAD",6,"A",4,1,3,"-"
15,"ESTUDIO DE MERCADO","ESMER",5,"A",4,3,5,"-"
16,"ESTUDIO FINANCIERO","ESF",6,"A",4,4,5,"-"
17,"ESTUDIO TECNICO","ETECN",6,"A",4,4,6,"-"
18,"EVALUACION ECONOMICA FINANCIERA","EEF",7,"A",4,5,6,"-"
19,"EXPRESION ORAL Y ESCRITA I","EXOE1",5,"A",4,1,3,"-"
20,"EXPRESION ORAL Y ESCRITA II","EXOE2",5,"A",4,5,3,"-"
21,"FORMACION SOCIOCULTURAL I","FOSO1",2,"A",4,1,2,"-"
22,"FORMACION SOCIOCULTURAL II","FOSO2",3,"A",4,2,2,"-"
23,"FORMACION SOCIOCULTURAL III","FOSO3",2,"A",4,3,2,"-"
24,"FORMACION SOCIOCULTURAL IV","FOSO4",3,"A",4,4,3,"-"
25,"FUNDAMENTOS DE ADMINISTRACION","FAE",6,"A",4,1,4,"-"
26,"FUNDAMENTOS DE MERCADOTECNIA","FUNME",4,"A",4,2,3,"-"
27,"INFORMATICA","INFOR",5,"A",4,1,6,"-"
28,"INFORMATICA APLICADA A LOS NEGOCIOS","IAN",4,"A",4,4,6,"-"
29,"INGLES I","IINGI",4,"A",4,1,3,"-"
30,"INGLES II","IINII",4,"A",4,2,2,"-"
31,"INGLES III","INIII",4,"A",4,3,2,"-"
32,"INGLES IV","INIV",4,"A",4,4,3,"-"
33,"INGLES V","INGV",4,"A",4,5,2,"-"
34,"INTEGRADORA I","IIN I",2,"A",4,3,2,"A"
35,"INTEGRADORA II","INTG",2,"A",4,5,3,"A"
36,"PLANEACION ESTRATEGICA","PLANE",6,"A",4,2,4,"-"
37,"PLANEACION FINANCIERA","PFIN",5,"A",4,3,6,"-"
38,"PROCEDIMIENTOS ADMINISTRATIVOS","PROC",6,"A",4,2,5,"-"
39,"SISTEMAS DE PRODUCCION","SISP",4,"A",4,4,4,"-"
40,"TEORIA Y DESARROLLO ORGANIZACIONAL","TDO",5,"A",4,3,2,"-"
41,"ADMINISTRACION","ADMON",4,"A",10,1,5,"-"
42,"ADMINISTRACION DE ALMACEN","ADA",5,"A",10,3,3,"-"
43,"COMERCIO ELECTRONICO","CELE",4,"A",10,5,4,"-"
44,"COMERCIO INTERNACIONAL","COI",6,"A",10,4,4,"-"
45,"COMPRAS","COMPR",5,"A",10,2,4,"-"
46,"COMUNICACION INTEGRAL DE MERCADOTECNIA","CIM",4,"A",10,3,3,"-"
47,"ENTORNO DE LA EMPRESA","EEMP",4,"A",10,1,3,"-"
48,"ESTADISTICA PARA NEGOCIOS","IEPNE",5,"A",10,2,4,"-"
49,"ESTRATEGIAS DE VENTA","EVTA",5,"A",10,3,4,"-"
50,"ESTUDIO DEL CONSUMIDOR","ECON",4,"A",10,2,3,"-"
51,"EXPRESION ORAL Y ESCRITA I","EXOE1",5,"A",10,1,3,"-"
52,"EXPRESION ORAL Y ESCRITA II","EXOE2",5,"A",10,5,3,"-"
53,"FINANZAS","FIN",4,"A",10,3,3,"-"
54,"FORMACION SOCIOCULTURAL I","FOSO1",2,"A",10,1,2,"-"
55,"FORMACION SOCIOCULTURAL II","FOSO2",3,"A",10,2,2,"-"
56,"FORMACION SOCIOCULTURAL III","FOSO3",2,"A",10,3,2,"-"
57,"FORMACION SOCIOCULTURAL IV","FOSO4",3,"A",10,4,3,"-"
58,"FUNDAMENTOS DE MERCADOTECNIA","FUNME",4,"A",10,1,3,"-"
59,"GESTION DE VENTAS","GVTAS",5,"A",10,2,4,"-"
60,"INFORMATICA PARA NEGOCIOS I","IPN",4,"A",10,1,4,"-"
61,"INFORMATICA PARA NEGOCIOS II","INF",5,"A",10,2,2,"-"
62,"INGLES I","IINGI",4,"A",10,1,3,"-"
63,"INGLES II","IINII",4,"A",10,2,2,"-"
64,"INGLES III","INIII",4,"A",10,3,2,"-"
65,"INGLES IV","INIV",4,"A",10,4,3,"-"
66,"INGLES V","INGV",4,"A",10,5,2,"-"
67,"INTEGRADORA I","IIN I",2,"A",10,3,2,"A"
68,"INTEGRADORA II","INTG",2,"A",10,5,4,"A"
69,"INVESTIGACION DE MERCADOS I","INVM",5,"A",10,3,3,"-"
70,"INVESTIGACION DE MERCADOS II","IVM",5,"A",10,4,3,"-"
71,"MATEMATICAS","MAT",4,"A",10,1,6,"-"
72,"MERCADOTECNIA ESTRATEGICA","MEST",4,"A",10,3,2,"-"
73,"MEZCLA DE MERCADOTECNIA","MMERC",6,"A",10,4,4,"-"
74,"PLAN DE EXPORTACION","PEXP",4,"A",10,5,4,"-"
75,"PLAN DE NEGOCIOS","PLAN",6,"A",10,4,3,"-"
76,"PLANEACION ESTRATEGICA DE MERCADOTECNIA","PEMER",6,"A",10,5,4,"-"
77,"PRESUPUESTOS","PRE",4,"A",10,2,3,"-"
78,"PRODUCCION PUBLICITARIA I","PPUB",5,"A",10,4,4,"-"
79,"PRODUCCION PUBLICITARIA II","PRODP",6,"A",10,5,3,"-"
80,"RELACIONES HUMANAS","REH",4,"A",10,5,5,"-"
81,"ADMINISTRACION DEL TIEMPO","IATIE",3,"A",21,7,2,"-"
82,"ADMINISTRACION FINANCIERA","IADFI",5,"A",21,8,3,"-"
83,"DERECHO CORPORATIVO","IDCOR",5,"A",21,7,3,"-"
84,"DESARROLLO EMPRESARIAL","IDEEM",4,"A",21,10,3,"-"
85,"DIRECCION DE CAPITAL HUMANO I","IDCHI",6,"A",21,8,5,"-"
86,"DIRECCION DE CAPITAL HUMANO II","IDCII",3,"A",21,10,3,"-"
87,"DIRECCION DE EQUIPOS DE ALTO RENDIMIENTO","IDEAR",2,"A",21,9,2,"-"
88,"ECONOMIA PARA LOS NEGOCIOS","IECPN",5,"A",21,7,3,"-"
89,"ESTADISTICA PARA NEGOCIOS","IEPNE",4,"A",21,7,NULL,"-"
90,"ESTRATEGIAS CORPORATIVAS DE VENTAS","ECVEN",4,"A",21,9,2,"-"
91,"ESTRATEGIAS PARA NUEVOS NEGOCIOS","IENNE",3,"A",21,8,3,"-"
92,"GESTION DE COMPRAS","IGCOM",4,"A",21,7,4,"-"
93,"IDIOMA EXTRANJERO P/ING I","IEXI1",4,"A",21,7,NULL,"-"
94,"IDIOMA EXTRANJERO P/ING II","IEXI2",4,"A",21,8,NULL,"-"
95,"IDIOMA EXTRANJERO P/ING III","IEXI3",4,"A",21,9,NULL,"-"
96,"IDIOMA EXTRANJERO P/ING IV","IEXI4",4,"A",21,10,NULL,"-"
97,"INGENIERIA FINANCIERA","IIFIN",6,"A",21,10,4,"-"
98,"INTEGRADORA I","IIN I",2,"A",21,9,2,"A"
99,"INTEGRADORA II","INTG",2,"A",21,10,2,"A"
100,"NEGOCIACION EMPRESARIAL","INEMP",2,"A",21,10,2,"-"
101,"PLANEACION Y ORGANIZACION DEL TRABAJO","IPOTR",3,"A",21,8,3,"-"
102,"REINGENIERIA ORGANIZACIONAL","IRORG",4,"A",21,10,3,"-"
103,"SISTEMAS DE CONTROL ADMINISTRATIVO","SCADM",5,"A",21,9,2,"-"
104,"TECNICAS PARA LA INNOVACION","TEINN",5,"A",21,9,3,"-"
105,"CREATIVIDAD EMPRESARIAL","CREMP",4,"A",21,8,2,"-"
106,"CRM (CUSTOMER RELATIONSHIP MANAGEMENT)","CUREM",3,"A",21,9,4,"-"
107,"ADMINISTRACION DE ORGANIZACIONES","IADOR",6,"A",19,9,3,"-"
108,"ADMINISTRACION DEL TIEMPO","IATIE",3,"A",19,7,2,"-"
109,"APLICACION DEL FINANCIAMIENTO","IAFIN",6,"A",19,10,4,"-"
110,"DIAGNOSTICO EMPRESARIAL","IDEMP",5,"A",19,7,6,"-"
111,"DIRECCION DE EQUIPOS DE ALTO RENDIMIENTO","IDEAR",2,"A",19,9,2,"-"
112,"DIRECCION DE MERCADOTECNIA","IDMER",5,"A",19,9,4,"-"
113,"DIRECCION ESTRATEGICA","IDEST",6,"A",19,10,5,"-"
114,"DISEÑO Y APLICACION DE LA CONSULTORIA","IDIAC",6,"A",19,8,3,"-"
115,"GESTION DEL FINANCIAMIENTO","IGEFI",6,"A",19,9,3,"-"
116,"IDIOMA EXTRANJERO P/ING I","IEXI1",NULL,"A",19,NULL,NULL,"-"
117,"IDIOMA EXTRANJERO P/ING II","IEXI2",NULL,"A",19,NULL,NULL,"-"
118,"IDIOMA EXTRANJERO P/ING III","IEXI3",NULL,"A",19,NULL,NULL,"-"
119,"IDIOMA EXTRANJERO P/ING IV","IEXI4",NULL,"A",19,NULL,NULL,"-"
120,"INTEGRADORA I","IIN I",2,"A",19,9,2,"A"
121,"INTEGRADORA II","INTG",2,"A",19,10,4,"A"
122,"MARCO LEGAL DE LAS ORGANIZACIONES","IMLOR",6,"A",19,8,4,"-"
123,"MATEMATICAS APLICADAS","IMAPL",5,"A",19,7,4,"-"
124,"NEGOCIACION EMPRESARIAL","INEMP",2,"A",19,10,2,"-"
125,"PLANEACION Y ORGANIZACION DEL TRABAJO","IPOTR",3,"A",19,8,3,"-"
126,"SEMINARIO DE LA INVESTIGACION","ISINV",5,"A",19,7,4,"-"
127,"SISTEMA FINANCIERO NACIONAL","ISFNA",6,"A",19,8,6,"-"
130,"ADMINISTRACION DEL TIEMPO","IATIE",3,"A",23,7,2,"-"
131,"ADMINISTRACION ESTRATEGICA PARA MANTENIMIENTO","IAEM",6,"A",23,9,4,"-"
132,"DIRECCION DE EQUIPOS DE ALTO RENDIMIENTO","IDEAR",2,"A",23,9,2,"-"
133,"ECUACIONES DIFERENCIALES APLICADAS","IEDAP",5,"A",23,8,5,"-"
134,"ENSAYOS DESTRUCTIVOS","IEDES",5,"A",23,8,4,"-"
135,"ENSAYOS NO DESTRUCTIVOS","IEND",6,"A",23,10,8,"-"
136,"ESTADISTICA INDUSTRIAL","IEIND",4,"A",23,7,5,"-"
137,"IDIOMA EXTRANJERO P/ING I","IEXI1",NULL,"A",23,NULL,NULL,"-"
138,"IDIOMA EXTRANJERO P/ING II","IEXI2",NULL,"A",23,NULL,NULL,"-"
139,"IDIOMA EXTRANJERO P/ING III","IEXI3",NULL,"A",23,NULL,NULL,"-"
140,"IDIOMA EXTRANJERO P/ING IV","IEXI4",NULL,"A",23,NULL,NULL,"-"
141,"INTEGRADORA I","IIN I",2,"A",23,8,4,"A"
142,"INTEGRADORA II","INTG",2,"A",23,10,4,"A"
143,"MANTENIMIENTO PREDICTIVO MECANICO","IMPM",6,"A",23,9,3,"-"
144,"NEGOCIACION EMPRESARIAL","INEMP",2,"A",23,10,2,"-"
145,"PLANEACION Y ORGANIZACION DEL TRABAJO","IPOTR",3,"A",23,8,3,"-"
146,"PROTOCOLOS DE OPERACION Y MANTENIMIENTO","IPOMA",4,"A",23,7,4,"-"
147,"SISTEMAS AUTOMATIZADOS Y REDES INDUSTRIALES","ISARI",7,"A",23,9,5,"-"
148,"TECNICAS TPM Y RCM","ITTR",6,"A",23,8,4,"-"
149,"TRIBOLOGIA","ITRIB",5,"A",23,7,5,"-"
150,"VISUALIZACION Y CONTROL DE PROCESOS","IVCP",6,"A",23,10,4,"-"
153,"ADMINISTRACION DEL TIEMPO","IATIE",3,"A",24,7,2,"-"
154,"ADMINISTRACION INDUSTRIAL","IADIN",4,"A",24,8,4,"-"
155,"ANALISIS VECTORIAL","IAVEC",4,"A",24,7,3,"-"
156,"DINAMICA Y MECANISMOS","IDIME",4,"A",24,8,3,"-"
157,"DIRECCION DE EQUIPOS DE ALTO RENDIMIENTO","IDEAR",2,"A",24,9,2,"-"
158,"DISEÑO ASISTIDO POR COMPUTADORA I","IDACO",5,"A",24,9,5,"-"
159,"DISEÑO MECANICO","DIMEC",6,"A",24,10,5,"-"
160,"ECUACIONES DIFERENCIALES APLICADAS","IEDAP",5,"A",24,8,3,"-"
161,"IDIOMA EXTRANJERO P/ING I","IEXI1",NULL,"A",24,NULL,NULL,"-"
162,"INGLES VII","IEXI2",4,"A",24,8,3,"-"
163,"INGLES VIII","IEXI3",4,"A",24,9,3,"-"
164,"IDIOMA EXTRANJERO P/ING IV","IEXI4",NULL,"A",24,NULL,NULL,"-"
165,"INGENIERIA ECONOMICA","IECON",4,"A",24,7,5,"-"
166,"INSTRUMENTACION Y CONTROL","IICON",3,"A",24,10,4,"-"
167,"INTEGRADORA I","IIN I",2,"A",24,9,2,"A"
168,"INTEGRADORA II","INTG",2,"A",24,10,3,"A"
169,"MANUFACTURA ASISTIDA POR COMPUTADORA","IMAC",4,"A",24,10,3,"-"
170,"MECANICA DE SOLIDOS","IMESO",4,"A",24,9,4,"-"
171,"METODOLOGIA DE LA INVESTIGACION PARA EL DISEÑO","IMIDI",3,"A",24,7,4,"-"
172,"NEGOCIACION EMPRESARIAL","INEMP",2,"A",24,10,2,"-"
173,"PLANEACION Y ORGANIZACION DEL TRABAJO","IPOTR",3,"A",24,8,3,"-"
174,"PROCESOS DE CONFORMADO","IPRCO",5,"A",24,8,3,"-"
175,"SEGURIDAD INDUSTRIAL","ISIND",3,"A",24,7,3,"-"
176,"TRANSFERENCIA DE CALOR","ITCA",4,"A",24,9,5,"-"
177,"DISEÑO DE HERRAMENTALES","IDIHE",4,"A",24,9,4,"-"
178,"DISEÑO ASISTIDO POR COMPUTADORA II","IDAPC",4,"A",24,10,5,"-"
179,"ADMINISTRACION DE PROYECTOS","APROY",3,"A",22,9,5,"-"
180,"ADMINISTRACION DEL TIEMPO","IATIE",3,"A",22,7,2,"-"
181,"CONTROL AUTOMATICO","ICAUT",6,"A",22,9,5,"-"
182,"CONTROL DE MOTORES","ICMOT",5,"A",22,8,4,"-"
183,"CONTROL ESTADISTICO DE PROCESOS","ICEP",3,"A",22,9,5,"-"
184,"CONTROL LOGICO AVANZADO","ICLA",5,"A",22,10,5,"-"
185,"DIRECCION DE EQUIPOS DE ALTO RENDIMIENTO","IDEAR",2,"A",22,9,2,"-"
186,"DISPOSITIVOS DIGITALES PROGRAMABLES","IDGP",6,"A",22,10,5,"-"
187,"ECUACIONES DIFERENCIALES APLICADAS","IEDAP",5,"A",22,8,5,"-"
188,"ELECTRICIDAD INDUSTRIAL","EINDU",5,"A",22,7,3,"-"
189,"IDIOMA EXTRANJERO P/ING I","IEXI1",NULL,"A",22,NULL,NULL,"-"
190,"INGLES VII","IEXI2",4,"A",22,8,3,"-"
191,"IDIOMA EXTRANJERO P/ING III","IEXI3",NULL,"A",22,NULL,NULL,"-"
192,"IDIOMA EXTRANJERO P/ING IV","IEXI4",NULL,"A",22,NULL,NULL,"-"
193,"INTEGRADORA","IINT",2,"A",22,10,3,"A"
194,"MANUFACTURA ASISTIDA POR COMPUTADORA","IMACO",4,"A",22,8,3,"-"
195,"MECANICA PARA LA AUTOMATIZACION","IMAUT",4,"A",22,8,4,"-"
196,"NEGOCIACION EMPRESARIAL","INEMP",2,"A",22,10,2,"-"
197,"PLANEACION Y ORGANIZACION DEL TRABAJO","IPOTR",3,"A",22,8,3,"-"
198,"SISTEMAS DE MANUFACTURA FLEXIBLE","ISMF",6,"A",22,10,5,"-"
199,"SISTEMAS MECANICOS","SME",4,"A",22,9,4,"-"
200,"CALCULO APLICADO","ICAPL",4,"A",22,7,4,"-"
202,"INSTRUMENTACION VIRTUAL","IVIRT",5,"A",22,7,3,"-"
204,"ADMINISTRACION DEL TIEMPO","IATIE",3,"A",20,7,2,"-"
205,"ANALISIS DE PROYECTOS DE INVERSION","IAPIN",5,"A",20,10,3,"-"
206,"AUTOMATIZACION DE PROCESOS","IAUPR",5,"A",20,10,3,"-"
207,"DESARROLLO Y SEGUIMIENTO DE PROYECTOS","IDSPR",5,"A",20,8,6,"-"
208,"DIRECCION DE EQUIPOS DE ALTO RENDIMIENTO","IDEAR",2,"A",20,9,2,"-"
209,"ESTADISTICA APLICADA A LA INGENIERIA","IEAIN",5,"A",20,7,3,"-"
210,"ESTUDIO DE MERCADO","ESMER",3,"A",20,7,4,"-"
211,"IDIOMA EXTRANJERO P/ING I","IEXI1",NULL,"A",20,NULL,NULL,"-"
212,"IDIOMA EXTRANJERO P/ING II","IEXI2",NULL,"A",20,NULL,NULL,"-"
213,"INGLES VIII","IEXI3",4,"A",20,9,3,"-"
214,"IDIOMA EXTRANJERO P/ING IV","IEXI4",NULL,"A",20,NULL,NULL,"-"
215,"INGENIERIA DE DISEÑO I","IDISE",3,"A",20,9,3,"-"
216,"INGENIERIA DE DISEÑO II","IDIS",4,"A",20,9,4,"-"
217,"INGENIERIA DE MATERIALES","IIMAT",4,"A",20,8,3,"-"
218,"INGENIERIA DE PROCESOS","IINPR",7,"A",20,10,4,"-"
219,"INTEGRADORA I","IIN I",2,"A",20,9,2,"A"
220,"INTEGRADORA II","INTG",2,"A",20,10,2,"A"
221,"INVESTIGACION DE OPERACIONES","IOP",4,"A",20,9,4,"-"
222,"LOGISTICA DE MATERIALES","ILMAT",3,"A",20,9,3,"-"
223,"MANUFACTURA ESBELTA","IMESB",5,"A",20,7,3,"-"
224,"MATEMATICAS AVANZADAS I","IMAI",5,"A",20,7,3,"-"
225,"MATEMATICAS AVANZADAS II","IMAII",5,"A",20,8,2,"-"
226,"METROLOGIA INDUSTRIAL","IMIND",4,"A",20,8,4,"-"
227,"NEGOCIACION EMPRESARIAL","INEMP",2,"A",20,10,2,"-"
228,"PLANEACION Y ORGANIZACION DEL TRABAJO","IPOTR",3,"A",20,8,3,"-"
229,"TOPICOS AVANZADOS DE CALIDAD","ITAC",4,"A",20,9,4,"-"
230,"ADMINISTRACION DE PROYECTOS DE TI I","IAPI",4,"A",25,7,4,"-"
231,"ADMINISTRACION DE PROYECTOS DE TI II","IAPII",4,"A",25,8,4,"-"
232,"ADMINISTRACION DEL TIEMPO","IATIE",3,"A",25,7,2,"-"
233,"APLICACION DE LAS TELECOMUNICACIONES","IAPTE",5,"A",25,9,4,"-"
234,"AUDITORIA DE SISTEMAS DE TI","IASTI",4,"A",25,9,3,"-"
235,"BASE DE DATOS PARA APLICACIONES","IBDAP",5,"A",25,8,5,"-"
236,"DESARROLLO DE APLICACIONES WEB","DAPL",6,"A",25,10,5,"-"
237,"DIRECCION DE EQUIPOS DE ALTO RENDIMIENTO","IDEAR",2,"A",25,9,2,"-"
238,"ESTADISTICA APLICADA","IEAPL",4,"A",25,8,3,"-"
239,"IDIOMA EXTRANJERO P/ING I","IEXI1",NULL,"A",25,NULL,NULL,"-"
240,"IDIOMA EXTRANJERO P/ING II","IEXI2",NULL,"A",25,NULL,NULL,"-"
241,"IDIOMA EXTRANJERO P/ING III","IEXI3",NULL,"A",25,NULL,NULL,"-"
242,"IDIOMA EXTRANJERO P/ING IV","IEXI4",NULL,"A",25,NULL,NULL,"-"
243,"INGENIERIA ECONOMICA","IECON",3,"A",25,7,4,"-"
244,"INTEGRADORA I","IIN I",2,"A",25,9,2,"A"
245,"INTEGRADORA II","INTG",2,"A",25,10,2,"A"
246,"MATEMATICAS PARA TI","IMTIC",5,"A",25,7,3,"-"
247,"MODELADO DE PROCESOS DE NEGOCIOS","IMPNE",3,"A",25,10,4,"-"
248,"NEGOCIACION EMPRESARIAL","INEMP",2,"A",25,10,2,"-"
249,"PLANEACION Y ORGANIZACION DEL TRABAJO","IPOTR",3,"A",25,8,3,"-"
250,"PROGRAMACION DE APLICACIONES","IPRAP",5,"A",25,9,4,"-"
251,"REDES CONVERGENTES","IRECO",5,"A",25,8,6,"-"
252,"SEGURIDAD DE LA INFORMACION","ISEIN",5,"A",25,10,6,"-"
253,"SISTEMAS DE CALIDAD EN TI","ISCTI",3,"A",25,7,2,"-"
254,"TOPICOS SELECTOS DE TI","ITSTI",3,"A",25,10,3,"-"
256,"INTERNET Y SERVICIOS DE RED LINUX","IISRL",3,"A",25,9,4,"-"
257,"ADMINISTRACION DEL TIEMPO","IATIE",3,"A",31,7,2,"-"
258,"COCINAS DE ESPECIALIDADES","CESP",8,"A",31,9,4,"-"
259,"CONTROL DE COSTOS DE ALIMENTOS Y BEBIDAS","CCAB",3,"A",31,7,2,"-"
260,"CULTURA VITIVINICOLA","CVIT",5,"A",31,9,2,"-"
261,"DIRECCION DE EQUIPOS DE ALTO RENDIMIENTO","IDEAR",2,"A",31,9,2,"-"
262,"DISEÑO DE ESPACIOS GASTRONOMICOS","DEG",5,"A",31,9,2,"-"
263,"EQUIPOS E INSTALACIONES PARA ALIMENTOS Y BEBIDAS","EIAB",4,"A",31,8,2,"-"
264,"GESTION ADMINISTRATIVA Y FINANCIERA","GADF",3,"A",31,8,2,"-"
265,"GESTION DE COMPRAS","IGCOM",3,"A",31,8,3,"-"
266,"IDIOMA EXTRANJERO P/ING I","IEXI1",NULL,"A",31,NULL,NULL,"-"
267,"IDIOMA EXTRANJERO P/ING II","IEXI2",NULL,"A",31,NULL,NULL,"-"
268,"IDIOMA EXTRANJERO P/ING III","IEXI3",NULL,"A",31,NULL,NULL,"-"
269,"IDIOMA EXTRANJERO P/ING IV","IEXI4",NULL,"A",31,NULL,NULL,"-"
270,"INFORMATICA APLICADA A LA GASTRONOMIA","IAG",3,"A",31,7,2,"-"
271,"INGENIERIA DE MENUS","IME",4,"A",31,8,2,"-"
272,"INGENIERIA DE PROCESOS GASTRONOMICOS","INGGA",5,"A",31,7,2,"-"
273,"INTEGRADORA I","IIN I",2,"A",31,8,2,"A"
274,"INTEGRADORA II","INTG",2,"A",31,10,2,"A"
275,"METODOLOGIA DE LA INVESTIGACION","MTV",3,"A",31,8,2,"-"
276,"NEGOCIACION EMPRESARIAL","INEMP",2,"A",31,10,2,"-"
277,"PLANEACION Y ORGANIZACION DEL TRABAJO","IPOTR",3,"A",31,8,3,"-"
278,"ESTÉTICA CULINARIA","IESCU",3,"A",31,8,2,"-"
320,"ADMINISTRACION DEL PERSONAL","APER",3,"A",16,2,3,"-"
321,"ALGEBRA ","ALGE",5,"A",16,1,4,"-"
322,"AUTOMATIZACION Y ROBOTICA","AUROB",6,"A",16,5,5,"-"
323,"CALCULO","CALCU",5,"A",16,2,5,"-"
324,"CALIDAD EN EL MANTENIMIENTO","CALMI",5,"A",16,1,4,"-"
325,"COSTOS Y PRESUPUESTOS","CPRE",4,"A",16,2,3,"-"
326,"DIBUJO INDUSTRIAL","DIND",5,"A",16,2,4,"-"
327,"ELECTRONICA ANALOGICA","ELANA",6,"A",16,3,4,"-"
328,"ELECTRONICA DIGITAL","ELDIG",6,"A",16,4,5,"-"
329,"ESTATICA Y DINAMICA","ESDIN",6,"A",16,1,4,"-"
330,"EXPRESION ORAL Y ESCRITA I","EXOE1",5,"A",16,1,3,"-"
331,"EXPRESION ORAL Y ESCRITA II","EXOE2",5,"A",16,5,3,"-"
332,"FORMACION SOCIOCULTURAL I","FOSO1",2,"A",16,1,2,"-"
333,"FORMACION SOCIOCULTURAL II","FOSO2",3,"A",16,2,2,"-"
334,"FORMACION SOCIOCULTURAL III","FOSO3",2,"A",16,3,2,"-"
335,"FORMACION SOCIOCULTURAL IV","FOSO4",3,"A",16,4,3,"-"
336,"GESTION DEL MANTENIMIENTO","GMTO",6,"A",16,3,3,"-"
337,"INFORMATICA","INFOR",4,"A",16,1,4,"-"
338,"INGENIERIA DE MATERIALES","IIMAT",6,"A",16,4,3,"-"
339,"INGLES I","IINGI",4,"A",16,1,3,"-"
340,"INGLES II","IINII",4,"A",16,2,4,"-"
341,"INGLES III","INIII",4,"A",16,3,2,"-"
342,"INGLES IV","INIV",4,"A",16,4,3,"-"
343,"INGLES V","INGV",4,"A",16,5,4,"-"
344,"INSTALACIONES ELECTRICAS","INSTE",6,"A",16,5,4,"-"
345,"INTEGRADORA I","IIN I",2,"A",16,3,4,"A"
346,"INTEGRADORA II","INTG",2,"A",16,5,4,"A"
347,"INTRODUCCION AL MANTENIMIENTO","INTMA",4,"A",16,1,4,"-"
348,"MANTENIMIENTO A PROCESOS DE MANUFACTURA","MPMAN",6,"A",16,5,3,"-"
349,"MAQUINAS ELECTRICAS","MAELE",6,"A",16,4,3,"-"
350,"MAQUINAS TERMICAS","MAQTE",6,"A",16,5,4,"-"
351,"MAQUINAS Y MECANISMOS","MAMEC",7,"A",16,3,7,"-"
352,"METODOS Y SISTEMAS DE TRABAJO","MESTR",5,"A",16,2,4,"-"
353,"PRINCIPIOS DE PROGRAMACION","PPROG",3,"A",16,4,3,"-"
354,"REDES DE SERVICIOS INDUSTRIALES","RSIN",3,"A",16,4,4,"-"
355,"SEGURIDAD Y MEDIO AMBIENTE","SMEDI",4,"A",16,3,3,"-"
356,"SISTEMAS ELECTRICOS","SELEC",6,"A",16,2,5,"-"
357,"SISTEMAS HIDRAULICOS","SITHI",4,"A",16,4,4,"-"
358,"SISTEMAS NEUMATICOS","SINEU",4,"A",16,3,5,"-"
767,"AUTOMATIZACION I","AUTO1",NULL,"-",7,NULL,NULL,"-"
768,"AUTOMATIZACION II","AUTO2",NULL,"-",7,NULL,NULL,"-"
769,"CALIDAD","CALID",NULL,"-",7,NULL,NULL,"-"
770,"ELECTRICIDAD INDUSTRIAL","EINDU",NULL,"-",7,NULL,NULL,"-"
771,"ELECTROMECANICA O REDES DE CONTROL","ELM",NULL,"-",7,NULL,NULL,"-"
772,"ELECTRONICA","ELETR",NULL,"-",7,NULL,NULL,"-"
773,"ELECTRONICA ANALOGICA","ELANA",NULL,"-",7,NULL,NULL,"-"
774,"ELECTRONICA DIGITAL","ELDIG",NULL,"-",7,NULL,NULL,"-"
775,"EXPRESION ORAL Y ESCRITA I","EXOE1",NULL,"-",7,NULL,NULL,"-"
776,"EXPRESION ORAL Y ESCRITA II","EXOE2",NULL,"-",7,NULL,NULL,"-"
777,"FISICA","FISIC",NULL,"-",7,NULL,NULL,"-"
778,"FORMACION SOCIOCULTURAL I","FOSO1",NULL,"-",7,NULL,NULL,"-"
779,"FORMACION SOCIOCULTURAL II","FOSO2",NULL,"-",7,NULL,NULL,"-"
780,"IDIOMA EXTRANJERO I","IDEX1",NULL,"-",7,NULL,NULL,"-"
781,"IDIOMA EXTRANJERO II","IDEX2",NULL,"-",7,NULL,NULL,"-"
782,"IDIOMA EXTRANJERO III","IDEX3",NULL,"-",7,NULL,NULL,"-"
783,"IDIOMA EXTRANJERO IV","IDEX4",NULL,"-",7,NULL,NULL,"-"
784,"IDIOMA EXTRANJERO V","IDEX5",NULL,"-",7,NULL,NULL,"-"
785,"INFORMATICA I","INFO1",NULL,"-",7,NULL,NULL,"-"
786,"INFORMATICA II","INFO2",NULL,"-",7,NULL,NULL,"-"
787,"INFORMATICA III","INFO3",NULL,"-",7,NULL,NULL,"-"
788,"INSTRUMENTACION INDUSTRIAL I","INST1",NULL,"-",7,NULL,NULL,"-"
789,"INSTRUMENTACION INDUSTRIAL II","INST2",NULL,"-",7,NULL,NULL,"-"
790,"INSTRUMENTACION VIRTUAL","IVIRT",NULL,"-",7,NULL,NULL,"-"
791,"INTEGRACION DE SISTEMAS AUTOMATICOS","INSAU",NULL,"-",7,NULL,NULL,"-"
792,"MATEMATICAS I","MATE1",NULL,"-",7,NULL,NULL,"-"
793,"MATEMATICAS II","MATE2",NULL,"-",7,NULL,NULL,"-"
794,"MATEMATICAS III","MATE3",NULL,"-",7,NULL,NULL,"-"
795,"MICROCONTROLADORES","MICRO",NULL,"-",7,NULL,NULL,"-"
796,"ORGANIZACION Y GESTION DE LA PRODUCCION","OGPRO",NULL,"-",7,NULL,NULL,"-"
797,"PROGRAMACION VISUAL","PROVI",NULL,"-",7,NULL,NULL,"-"
798,"QUIMICA","QUIMI",NULL,"-",7,NULL,NULL,"-"
799,"RELACIONES LABORALES","RELAB",NULL,"-",7,NULL,NULL,"-"
800,"TECNOLOGIAS DE FABRICACION","TFABR",NULL,"-",7,NULL,NULL,"-"
801,"TELECOMUNICACIONES INDUSTRIALES","TELIN",NULL,"-",7,NULL,NULL,"-"
891,"ADMINISTRACION","ADMON",NULL,"-",40,NULL,NULL,"-"
892,"ADMINISTRACION DE PROYECTOS I","APRY1",NULL,"-",40,NULL,NULL,"-"
893,"ADMINISTRACION DE PROYECTOS II","APRY2",NULL,"-",40,NULL,NULL,"-"
894,"ANALISIS E INTERPRETACION DE ESTADOS FINANCIEROS","AIEFI",NULL,"-",40,NULL,NULL,"-"
895,"CALIDAD","CALID",NULL,"-",40,NULL,NULL,"-"
896,"CAPACITACION Y DESARROLLO DE PERSONAL","CDEPE",NULL,"-",40,NULL,NULL,"-"
897,"COMERCIALIZACION","COMER",NULL,"-",40,NULL,NULL,"-"
898,"COMERCIO EXTERIOR","COEXT",NULL,"-",40,NULL,NULL,"-"
899,"CONSULTORIA EMPRESARIAL","COEMP",NULL,"-",40,NULL,NULL,"-"
900,"CONTABILIDAD","CONTA",NULL,"-",40,NULL,NULL,"-"
901,"CONTABILIDAD DE COSTOS","COCOS",NULL,"-",40,NULL,NULL,"-"
902,"DESARROLLO LOCAL Y REGIONAL","DELYR",NULL,"-",40,NULL,NULL,"-"
903,"ECONOMIA APLICADA A LOS NEGOCIOS","ECANE",NULL,"-",40,NULL,NULL,"-"
904,"ESTUDIO DE MERCADO","ESMER",NULL,"-",40,NULL,NULL,"-"
905,"ESTUDIO TECNICO","ETECN",NULL,"-",40,NULL,NULL,"-"
906,"ESTUDIOS FINANCIERO Y ECONOMICO","ESFEC",NULL,"-",40,NULL,NULL,"-"
907,"EVALUACION ECONOMICA Y FINANCIERA DE PROYECTOS","EEFPR",NULL,"-",40,NULL,NULL,"-"
908,"EXPRESION ORAL Y ESCRITA I","EXOE1",NULL,"-",40,NULL,NULL,"-"
909,"EXPRESION ORAL Y ESCRITA II","EXOE2",NULL,"-",40,NULL,NULL,"-"
910,"FORMACION SOCIOCULTURAL I","FOSO1",NULL,"-",40,NULL,NULL,"-"
911,"FORMACION SOCIOCULTURAL II","FOSO2",NULL,"-",40,NULL,NULL,"-"
912,"IDIOMA EXTRANJERO I","IDEX1",NULL,"-",40,NULL,NULL,"-"
913,"IDIOMA EXTRANJERO II","IDEX2",NULL,"-",40,NULL,NULL,"-"
914,"IDIOMA EXTRANJERO III","IDEX3",NULL,"-",40,NULL,NULL,"-"
915,"IDIOMA EXTRANJERO IV","IDEX4",NULL,"-",40,NULL,NULL,"-"
916,"IDIOMA EXTRANJERO V","IDEX5",NULL,"-",40,NULL,NULL,"-"
917,"INFORMATICA I","INFO1",NULL,"-",40,NULL,NULL,"-"
918,"INFORMATICA II","INFO2",NULL,"-",40,NULL,NULL,"-"
919,"INFORMATICA III","INFO3",NULL,"-",40,NULL,NULL,"-"
920,"MATEMATICAS I","MATE1",NULL,"-",40,NULL,NULL,"-"
921,"MATEMATICAS II","MATE2",NULL,"-",40,NULL,NULL,"-"
922,"MATEMATICAS III","MATE3",NULL,"-",40,NULL,NULL,"-"
923,"MERCADOTECNIA","MERCD",NULL,"-",40,NULL,NULL,"-"
924,"METODOLOGIA DE LA INVESTIGACION SOCIAL","MEINS",NULL,"-",40,NULL,NULL,"-"
925,"PLANEACION ESTRATEGICA Y PLAN DE NEGOCIOS","PEPNE",NULL,"-",40,NULL,NULL,"-"
926,"SISTEMAS DE PRODUCCION Y CONSERVACION AMBIENTAL","SPCAM",NULL,"-",40,NULL,NULL,"-"
927,"SISTEMAS Y PROCESOS ADMINISTRATIVOS","SYPAD",NULL,"-",40,NULL,NULL,"-"
928,"ADMINISTRACION DEL TIEMPO","IATIE",NULL,"-",41,NULL,NULL,"-"
930,"CALIDAD","CALID",NULL,"-",41,NULL,NULL,"-"
931,"CALCULO","CALCU",NULL,"-",41,NULL,NULL,"-"
932,"ELECTRONICA DIGITAL","ELDIG",NULL,"-",41,NULL,NULL,"-"
935,"FORMACION SOCIOCULTURAL I","FOSO1",NULL,"-",41,NULL,NULL,"-"
936,"FORMACION SOCIOCULTURAL II","FOSO2",NULL,"-",41,NULL,NULL,"-"
938,"IDIOMA EXTRANJERO I","IDEX1",NULL,"-",41,NULL,NULL,"-"
939,"IDIOMA EXTRANJERO II","IDEX2",NULL,"-",41,NULL,NULL,"-"
940,"IDIOMA EXTRANJERO III","IDEX3",NULL,"-",41,NULL,NULL,"-"
941,"IDIOMA EXTRANJERO IV","IDEX4",NULL,"-",41,NULL,NULL,"-"
942,"IDIOMA EXTRANJERO V","IDEX5",NULL,"-",41,NULL,NULL,"-"
943,"INGENIERIA ECONOMICA","IECON",NULL,"-",41,NULL,NULL,"-"
947,"INSTALACIONES INDUSTRIALES","IINDI",NULL,"-",41,NULL,NULL,"-"
950,"MAQUINAS ELECTRICAS","MAELE",NULL,"-",41,NULL,NULL,"-"
954,"METODOS Y SISTEMAS DE TRABAJO","MESTR",NULL,"-",41,NULL,NULL,"-"
955,"METROLOGIA","METRO",NULL,"-",41,NULL,NULL,"-"
961,"EXPRESION ORAL Y ESCRITA I","EXOE1",NULL,"-",41,NULL,NULL,"-"
962,"EXPRESION ORAL Y ESCRITA II","EXOE2",NULL,"-",41,NULL,NULL,"-"
963,"ADMINISTRACION DE LA PRODUCCION I","APRD1",NULL,"-",6,NULL,NULL,"-"
964,"ADMINISTRACION DE LA PRODUCCION II","APRD2",NULL,"-",6,NULL,NULL,"-"
965,"ADMINISTRACION DE LA PRODUCCION III","APRD3",NULL,"-",6,NULL,NULL,"-"
966,"ADMINISTRACION DE LA PRODUCCION IV","APRD4",NULL,"-",6,NULL,NULL,"-"
967,"ADMINISTRACION DEL MANTENIMIENTO","ADMAN",NULL,"-",6,NULL,NULL,"-"
968,"CALIDAD","CALID",NULL,"-",6,NULL,NULL,"-"
969,"DIBUJO VECTORIAL","DIVEC",NULL,"-",6,NULL,NULL,"-"
970,"DISEÑO BASICO","DISBA",NULL,"-",6,NULL,NULL,"-"
971,"DISEÑO Y PRODUCCION EDITORIAL","DPEDI",NULL,"-",6,NULL,NULL,"-"
972,"ELECTRONICA BASICA","ELBAS",NULL,"-",6,NULL,NULL,"-"
973,"EXPRESION ORAL Y ESCRITA I","EXOE1",NULL,"-",6,NULL,NULL,"-"
974,"EXPRESION ORAL Y ESCRITA II","EXOE2",NULL,"-",6,NULL,NULL,"-"
975,"FISICA","FISIC",NULL,"-",6,NULL,NULL,"-"
976,"FORMACION SOCIOCULTURAL I","FOSO1",NULL,"-",6,NULL,NULL,"-"
977,"FORMACION SOCIOCULTURAL II","FOSO2",NULL,"-",6,NULL,NULL,"-"
978,"FOTOMECANICA I","FOTO1",NULL,"-",6,NULL,NULL,"-"
979,"FOTOMECANICA II","FOTO2",NULL,"-",6,NULL,NULL,"-"
980,"IDIOMA EXTRANJERO","IDEX",NULL,"-",6,NULL,NULL,"-"
981,"IDIOMA EXTRANJERO P/ING I","IEXI1",NULL,"-",6,NULL,NULL,"-"
982,"IDIOMA EXTRANJERO P/ING II","IEXI2",NULL,"-",6,NULL,NULL,"-"
983,"IDIOMA EXTRANJERO P/ING III","IEXI3",NULL,"-",6,NULL,NULL,"-"
984,"IDIOMA EXTRANJERO P/ING IV","IEXI4",NULL,"-",6,NULL,NULL,"-"
985,"INFORMATICA I","INFO1",NULL,"-",6,NULL,NULL,"-"
986,"INFORMATICA II","INFO2",NULL,"-",6,NULL,NULL,"-"
987,"INFORMATICA P/ING","INFIN",NULL,"-",6,NULL,NULL,"-"
988,"MATEMATICAS I","MATE1",NULL,"-",6,NULL,NULL,"-"
989,"MATEMATICAS II","MATE2",NULL,"-",6,NULL,NULL,"-"
990,"MATEMATICAS P/ING","MATIN",NULL,"-",6,NULL,NULL,"-"
991,"MATERIALES GRAFICOS I","MAGR1",NULL,"-",6,NULL,NULL,"-"
992,"MATERIALES GRAFICOS II","MAGR2",NULL,"-",6,NULL,NULL,"-"
993,"METROLOGIA","METRO",NULL,"-",6,NULL,NULL,"-"
994,"POSTIMPRESION","POSTI",NULL,"-",6,NULL,NULL,"-"
995,"PREPARACION DE LA IMAGEN","PRIMA",NULL,"-",6,NULL,NULL,"-"
996,"PREPRENSA DIGITAL","PPRED",NULL,"-",6,NULL,NULL,"-"
997,"PROCESOS DE IMPRESION","PIMPR",NULL,"-",6,NULL,NULL,"-"
998,"QUIMICA","QUIMI",NULL,"-",6,NULL,NULL,"-"
999,"TALLER DE IMPRESION I","TIMP1",NULL,"-",6,NULL,NULL,"-"
1000,"TALLER DE IMPRESION II","TIMP2",NULL,"-",6,NULL,NULL,"-"
1001,"ADMINISTRACION","ADMON",NULL,"-",14,NULL,NULL,"-"
1002,"ADMINISTRACION DE VENTAS","ADVEN",NULL,"-",14,NULL,NULL,"-"
1003,"ANALISIS FINANCIERO","ANFIN",NULL,"-",14,NULL,NULL,"-"
1004,"CALIDAD","CALID",NULL,"-",14,NULL,NULL,"-"
1005,"COMERCIO INTERNACIONAL A","COMEA",NULL,"-",14,NULL,NULL,"-"
1006,"COMPRAS","COMPR",NULL,"-",14,NULL,NULL,"-"
1007,"COMUNICACION INTEGRAL DE MERCADOTECNIA A","COMIN",NULL,"-",14,NULL,NULL,"-"
1008,"CONTABILIDAD I","CONT1",NULL,"-",14,NULL,NULL,"-"
1009,"CONTABILIDAD II","CONT2",NULL,"-",14,NULL,NULL,"-"
1010,"DESARROLLO DE NEGOCIOS","DENEG",NULL,"-",14,NULL,NULL,"-"
1011,"ECONOMIA I","ECON1",NULL,"-",14,NULL,NULL,"-"
1012,"ECONOMIA II","ECON2",NULL,"-",14,NULL,NULL,"-"
1013,"EXPRESION ORAL Y ESCRITA I","EXOE1",NULL,"-",14,NULL,NULL,"-"
1014,"EXPRESION ORAL Y ESCRITA II","EXOE2",NULL,"-",14,NULL,NULL,"-"
1015,"FORMACION SOCIOCULTURAL I","FOSO1",NULL,"-",14,NULL,NULL,"-"
1016,"FORMACION SOCIOCULTURAL II","FOSO2",NULL,"-",14,NULL,NULL,"-"
1017,"FORMACION SOCIOCULTURAL III","FOSO3",NULL,"-",14,NULL,NULL,"-"
1018,"FORMULACION Y EVALUACION DE PROYECTOS A","FEPRO",NULL,"-",14,NULL,NULL,"-"
1019,"FUNDAMENTOS DE MERCADOTECNIA","FUNME",NULL,"-",14,NULL,NULL,"-"
1020,"IDIOMA EXTRANJERO I","IDEX1",NULL,"-",14,NULL,NULL,"-"
1021,"IDIOMA EXTRANJERO II","IDEX2",NULL,"-",14,NULL,NULL,"-"
1022,"IDIOMA EXTRANJERO III","IDEX3",NULL,"-",14,NULL,NULL,"-"
1023,"IDIOMA EXTRANJERO IV","IDEX4",NULL,"-",14,NULL,NULL,"-"
1024,"IDIOMA EXTRANJERO V","IDEX5",NULL,"-",14,NULL,NULL,"-"
1025,"INFORMATICA I","INFO1",NULL,"-",14,NULL,NULL,"-"
1026,"INFORMATICA II","INFO2",NULL,"-",14,NULL,NULL,"-"
1027,"INFORMATICA III","INFO3",NULL,"-",14,NULL,NULL,"-"
1028,"INVESTIGACION DE MERCADO","INMER",NULL,"-",14,NULL,NULL,"-"
1029,"LEGISLACION RELATIVA AL COMERCIO","LERCO",NULL,"-",14,NULL,NULL,"-"
1030,"LOGISTICA Y SISTEMAS DE DISTRIBUCION","LSDIS",NULL,"-",14,NULL,NULL,"-"
1031,"MATEMATICAS I","MATE1",NULL,"-",14,NULL,NULL,"-"
1032,"MATEMATICAS II","MATE2",NULL,"-",14,NULL,NULL,"-"
1033,"MATEMATICAS III","MATE3",NULL,"-",14,NULL,NULL,"-"
1034,"MERCADOTECNIA DE SERVICIOS","MESER",NULL,"-",14,NULL,NULL,"-"
1035,"MEZCLA DE MERCADOTECNIA","MMERC",NULL,"-",14,NULL,NULL,"-"
1036,"PLANEACION ESTRATEGICA DE MERCADOTECNIA","PEMER",NULL,"-",14,NULL,NULL,"-"
1037,"TECNICAS DE PRODUCCION PUBLICITARIA","TPPUB",NULL,"-",14,NULL,NULL,"-"
1038,"TECNICAS DE VENTAS","TEVEN",NULL,"-",14,NULL,NULL,"-"
1112,"REDES DE CONTROL","REDES",NULL,"-",7,NULL,NULL,"-"
1125,"IDIOMA EXTRANJERO I","IDEX1",NULL,"-",6,NULL,NULL,"-"
1126,"MATEMÁTICAS II","MATE2",NULL,"-",49,NULL,NULL,"-"
1127,"TECNICAS DE VENTAS","TEVEN",NULL,"-",49,NULL,NULL,"-"
1128,"EXPRESION ORAL Y ESCRITA I","EXOE1",NULL,"-",49,NULL,NULL,"-"
1129,"MATEMÁTICAS I","MATE1",NULL,"-",49,NULL,NULL,"-"
1130,"CALIDAD","CALID",NULL,"-",49,NULL,NULL,"-"
1131,"FUNDAMENTOS DE MERCADOTECNIA","FUNME",NULL,"-",49,NULL,NULL,"-"
1132,"CONTABILIDAD I","CONT1",NULL,"-",49,NULL,NULL,"-"
1133,"ECONOMIA II","ECON2",NULL,"-",49,NULL,NULL,"-"
1134,"INVESTIGACION DE MERCADO","INMER",NULL,"-",49,NULL,NULL,"-"
1135,"INFORMATICA I","INFO1",NULL,"-",49,NULL,NULL,"-"
1136,"ADMINISTRACION DE VENTAS","ADVEN",NULL,"-",49,NULL,NULL,"-"
1137,"CONTABILIDAD II","CONT2",NULL,"-",49,NULL,NULL,"-"
1138,"EXPRESION ORAL Y ESCRITA II","EXOE2",NULL,"-",49,NULL,NULL,"-"
1139,"ECONOMIA I","ECON1",NULL,"-",49,NULL,NULL,"-"
1140,"ADMINISTRACION","ADMON",NULL,"-",49,NULL,NULL,"-"
1141,"ANALISIS FINANCIERO","ANFIN",NULL,"-",49,NULL,NULL,"-"
1142,"INFORMATICA II","INFO2",NULL,"-",49,NULL,NULL,"-"
1143,"IDIOMA EXTRANJERO I","IDEX1",NULL,"-",49,NULL,NULL,"-"
1144,"MEZCLA DE MERCADOTECNIA","MMERC",NULL,"-",49,NULL,NULL,"-"
1145,"MATEMATICAS III","MATE3",NULL,"-",49,NULL,NULL,"-"
1146,"FORMACION SOCIOCULTURAL I","FOSO1",NULL,"-",49,NULL,NULL,"-"
1147,"IDIOMA EXTRANJERO II","IDEX2",NULL,"-",49,NULL,NULL,"-"
1148,"INFORMATICA III","INFO3",NULL,"-",49,NULL,NULL,"-"
1149,"PLANEACION ESTRATEGICA DE MERCADOTECNIA","PEMER",NULL,"-",49,NULL,NULL,"-"
1150,"FORMACION SOCIOCULTURAL II","FOSO2",NULL,"-",49,NULL,NULL,"-"
1151,"IDIOMA EXTRANJERO III","IDEX3",NULL,"-",49,NULL,NULL,"-"
1152,"COMPRAS","COMPR",NULL,"-",49,NULL,NULL,"-"
1153,"COMERCIO INTERNACIONAL A","COMEA",NULL,"-",49,NULL,NULL,"-"
1155,"FORMACION SOCIOCULTURAL III","FOSO3",NULL,"-",49,NULL,NULL,"-"
1156,"IDIOMA EXTRANJERO IV","IDEX4",NULL,"-",49,NULL,NULL,"-"
1157,"FORMULACION Y EVALUACION DE PROYECTOS A","FEPRO",NULL,"-",49,NULL,NULL,"-"
1158,"LOGISTICA Y SISTEMAS DE DISTRIBUCION","LSDIS",NULL,"-",49,NULL,NULL,"-"
1159,"COMUNICACION INTEGRAL DE MERCADOTECNIA A","COMIN",NULL,"-",49,NULL,NULL,"-"
1160,"IDIOMA EXTRANJERO V","IDEX5",NULL,"-",49,NULL,NULL,"-"
1161,"LEGISLACION RELATIVA AL COMERCIO","LERCO",NULL,"-",49,NULL,NULL,"-"
1162,"MERCADOTECNIA DE SERVICIOS","MESER",NULL,"-",49,NULL,NULL,"-"
1163,"DESARROLLO DE NEGOCIOS","DENEG",NULL,"-",49,NULL,NULL,"-"
1164,"TECNICAS DE PRODUCCION PUBLICITARIA","TPPUB",NULL,"-",49,NULL,NULL,"-"
1299,"FUNDAMENTOS DE MATEMÃTICAS","FUNMA",NULL,"-",41,NULL,NULL,"-"
1300,"INFORMATICA","INFOR",NULL,"-",41,NULL,NULL,"-"
1301,"DIBUJO","DIBUJ",NULL,"-",41,NULL,NULL,"-"
1302,"ESTATICA Y DINAMICA","ESDIN",NULL,"-",41,NULL,NULL,"-"
1303,"MANTENIMIENTO INDUSTRIAL","MANTI",NULL,"-",41,NULL,NULL,"-"
1304,"MAQUINAS TERMICAS","MAQTE",NULL,"-",41,NULL,NULL,"-"
1305,"INSTALACIONES ELECTRICAS","INSTE",NULL,"-",41,NULL,NULL,"-"
1306,"ELECTRONICA ANALOGICA","ELANA",NULL,"-",41,NULL,NULL,"-"
1307,"SISTEMAS HIDRAULICOS","SITHI",NULL,"-",41,NULL,NULL,"-"
1308,"SISTEMAS AUTOMATIZADOS","SAUTO",NULL,"-",41,NULL,NULL,"-"
1309,"SEGURIDAD, SALUD Y MEDIO AMBIENTE","SSMAM",NULL,"-",41,NULL,NULL,"-"
1310,"INTRODUCCION AL MANTENIMIENTO","INTMA",NULL,"-",41,NULL,NULL,"-"
1311,"ESTRUCTURA Y PROPIEDADES DE LOS MATERIALES","ESMAT",NULL,"-",41,NULL,NULL,"-"
1312,"PROCESOS DE MANUFACTURA","PMANU",NULL,"-",41,NULL,NULL,"-"
1313,"ELECTRICIDAD","ELECT",NULL,"-",41,NULL,NULL,"-"
1314,"ESTADISTICA","ESTAD",NULL,"-",41,NULL,NULL,"-"
1315,"MAQUINAS Y MECANISMOS","MAMEC",NULL,"-",41,NULL,NULL,"-"
1317,"SISTEMAS NEUMATICOS","SINEU",NULL,"-",41,NULL,NULL,"-"
1318,"INTRODUCCION AL MANTENIMIENTO","INTMA",NULL,"-",52,NULL,NULL,"-"
1319,"EXPRESION ORAL Y ESCRITA II","EXOE2",NULL,"-",52,NULL,NULL,"-"
1320,"ESTRUCTURA Y PROPIEDADES DE LOS MATERIALES","ESMAT",NULL,"-",52,NULL,NULL,"-"
1321,"QUÍMICA","QUIMI",NULL,"-",52,NULL,NULL,"-"
1322,"METODOS Y SISTEMAS DE TRABAJO","MESTR",NULL,"-",52,NULL,NULL,"-"
1323,"ELECTRONICA INDUSTRIAL","ELIND",NULL,"-",52,NULL,NULL,"-"
1324,"MAQUINAS ELECTRICAS","MAELE",NULL,"-",52,NULL,NULL,"-"
1325,"IDIOMA EXTRANJERO II","IDEX2",NULL,"-",52,NULL,NULL,"-"
1326,"RESISTENCIA DE MATERIALES","RESIS",NULL,"-",52,NULL,NULL,"-"
1327,"INGENIERIA ECONOMICA","IECON",NULL,"-",52,NULL,NULL,"-"
1328,"INSTALACIONES INDUSTRIALES","IINDI",NULL,"-",52,NULL,NULL,"-"
1329,"IDIOMA EXTRANJERO III","IDEX3",NULL,"-",52,NULL,NULL,"-"
1330,"IDIOMA EXTRANJERO V","IDEX5",NULL,"-",52,NULL,NULL,"-"
1331,"FORMACION SOCIOCULTURAL III","FOSO3",NULL,"-",52,NULL,NULL,"-"
1332,"AUTOMATIZACION Y ROBOTICA","AUROB",NULL,"-",52,NULL,NULL,"-"
1333,"ADMINISTRACION DEL MANTENIMIENTO","ADMAN",NULL,"-",52,NULL,NULL,"-"
1334,"SISTEMAS NEUMÁTICOS E HIDRÁULICOS","SNHID",NULL,"-",52,NULL,NULL,"-"
1335,"CALIDAD","CALID",NULL,"-",52,NULL,NULL,"-"
1336,"MANTENIMIENTO A PROCESOS DE MANUFACTURA","MPMAN",NULL,"-",52,NULL,NULL,"-"
1337,"IDIOMA EXTRANJERO IV","IDEX4",NULL,"-",52,NULL,NULL,"-"
1338,"ELECTRONICA","ELETR",NULL,"-",52,NULL,NULL,"-"
1339,"TEORÍA DE MÁQUINAS Y MECANISMOS","TMMEC",NULL,"-",52,NULL,NULL,"-"
1340,"TERMODINAMICA","TERMO",NULL,"-",52,NULL,NULL,"-"
1341,"IDIOMA EXTRANJERO I","IDEX1",NULL,"-",52,NULL,NULL,"-"
1342,"MATEMÁTICAS I","MATE1",NULL,"-",52,NULL,NULL,"-"
1343,"INFORMATICA I","INFO1",NULL,"-",52,NULL,NULL,"-"
1344,"FÍSICA","FISIC",NULL,"-",52,NULL,NULL,"-"
1345,"FORMACION SOCIOCULTURAL I","FOSO1",NULL,"-",52,NULL,NULL,"-"
1346,"MATEMATICAS II","MATE2",NULL,"-",52,NULL,NULL,"-"
1347,"INFORMATICA II","INFO2",NULL,"-",52,NULL,NULL,"-"
1348,"METROLOGÍA","METRO",NULL,"-",52,NULL,NULL,"-"
1349,"FORMACION SOCIOCULTURAL II","FOSO2",NULL,"-",52,NULL,NULL,"-"
1353,"ELECTRICIDAD Y MAGNETISMO","ELEMA",NULL,"-",52,NULL,NULL,"-"
1354,"EXPRESION ORAL Y ESCRITA I","EXOE1",NULL,"-",52,NULL,NULL,"-"
1355,"MATEMATICAS III","MATE3",NULL,"-",52,NULL,NULL,"-"
1356,"INFORMATICA III","INFO3",NULL,"-",52,NULL,NULL,"-"
1657,"CALIDAD","CALID",4,"A",10,1,4,"-"
1658,"IDIOMA EXTRANJERO I","IDEX1",4,"A",10,1,3,"-"
1660,"IDIOMA EXTRANJERO III","IDEX3",4,"A",10,3,2,"-"
1661,"IDIOMA EXTRANJERO IV","IDEX4",4,"A",10,4,3,"-"
1712,"CIENCIA DE LOS MATERIALES","ICMAT",4,"A",24,7,4,"-"
1728,"CALIDAD EN EL SERVICIO","CSER",4,"A",31,7,2,"-"
1822,"MATEMATICAS I","MATE1",NULL,"-",48,NULL,NULL,"-"
1823,"ADMINISTRACION","ADMON",NULL,"-",48,NULL,NULL,"-"
1824,"DESARROLLO LOCAL Y REGIONAL","DELYR",NULL,"-",48,NULL,NULL,"-"
1825,"METODOLOGIA DE LA INVESTIGACION SOCIAL","MEINS",NULL,"-",48,NULL,NULL,"-"
1826,"MATEMATICAS II","MATE2",NULL,"-",48,NULL,NULL,"-"
1827,"INFORMATICA I","INFO1",NULL,"-",48,NULL,NULL,"-"
1828,"CONTABILIDAD","CONTA",NULL,"-",48,NULL,NULL,"-"
1829,"EXPRESION ORAL Y ESCRITA I","EXOE1",NULL,"-",48,NULL,NULL,"-"
1830,"MATEMATICAS III","MATE3",NULL,"-",48,NULL,NULL,"-"
1831,"INFORMATICA II","INFO2",NULL,"-",48,NULL,NULL,"-"
1832,"CONTABILIDAD DE COSTOS","COCOS",NULL,"-",48,NULL,NULL,"-"
1833,"EXPRESION ORAL Y ESCRITA II","EXOE2",NULL,"-",48,NULL,NULL,"-"
1834,"INFORMATICA III","INFO3",NULL,"-",48,NULL,NULL,"-"
1835,"ESTUDIO DE MERCADO","ESMER",NULL,"-",48,NULL,NULL,"-"
1836,"ECONOMIA APLICADA A LOS NEGOCIOS","ECANE",NULL,"-",48,NULL,NULL,"-"
1837,"ANALISIS E INTERPRETACION DE ESTUDIOS FINANCIEROS","AIEFI",NULL,"-",48,NULL,NULL,"-"
1838,"ESTUDIO TECNICO","ETECN",NULL,"-",48,NULL,NULL,"-"
1839,"MERCADOTECNIA","MERCD",NULL,"-",48,NULL,NULL,"-"
1840,"SISTEMAS DE PRODUCCION Y CONSERVACION AMBIENTAL","SPCAM",NULL,"-",48,NULL,NULL,"-"
1841,"IDIOMA EXTRANJERO I","IDEX1",NULL,"-",48,NULL,NULL,"-"
1842,"ESTUDIO FINANCIERO Y ECONOMICO","ESFEC",NULL,"-",48,NULL,NULL,"-"
1843,"ADMINISTRACION DE PROYECTOS I","APRY1",NULL,"-",48,NULL,NULL,"-"
1844,"COMERCIALIZACION","COMER",NULL,"-",48,NULL,NULL,"-"
1845,"IDIOMA EXTRANJERO II","IDEX2",NULL,"-",48,NULL,NULL,"-"
1846,"ADMINISTRACION DE PROYECTOS II","APRY2",NULL,"-",48,NULL,NULL,"-"
1847,"CAPACITACION Y DESARROLLO DE PERSONAL","CDEPE",NULL,"-",48,NULL,NULL,"-"
1848,"COMERCIO EXTERIOR","COEXT",NULL,"-",48,NULL,NULL,"-"
1850,"FORMACION SOCIOCULTURAL I","FOSO1",NULL,"-",48,NULL,NULL,"-"
1851,"SISTEMAS Y PROCESOS ADMINISTRATIVOS","SYPAD",NULL,"-",48,NULL,NULL,"-"
1852,"CALIDAD","CALID",NULL,"-",48,NULL,NULL,"-"
1853,"IDIOMA EXTRANJERO IV","IDEX4",NULL,"-",48,NULL,NULL,"-"
1854,"FORMACION SOCIOCULTURAL II","FOSO2",NULL,"-",48,NULL,NULL,"-"
1855,"EVALUACION ECONOMICA Y FINANCIERO DE PROYECTOS","EEFPR",NULL,"-",48,NULL,NULL,"-"
1856,"PLANEACION ESTRATEGICA Y PLAN DE NEGOCIOS","PEPNE",NULL,"-",48,NULL,NULL,"-"
1857,"IDIOMA EXTRANJERO V","IDEX5",NULL,"-",48,NULL,NULL,"-"
1897,"AIRE ACONDICIONADO Y REFRIGERACION","AAREF",NULL,"-",42,NULL,NULL,"-"
1898,"AUTOMATIZACION INDUSTRIAL","AINDU",NULL,"-",42,NULL,NULL,"-"
1899,"CALIDAD","CALID",NULL,"-",42,NULL,NULL,"-"
1900,"DIBUJO","DIBUJ",NULL,"-",42,NULL,NULL,"-"
1901,"DISEÑO MECANICO","DIMEC",NULL,"-",42,NULL,NULL,"-"
1902,"ELECTRICIDAD Y MAGNETISMO","ELEMA",NULL,"-",42,NULL,NULL,"-"
1903,"EXPRESION ORAL Y ESCRITA I","EXOE1",NULL,"-",42,NULL,NULL,"-"
1904,"EXPRESION ORAL Y ESCRITA II","EXOE2",NULL,"-",42,NULL,NULL,"-"
1905,"FISICA","FISIC",NULL,"-",42,NULL,NULL,"-"
1906,"FORMACION SOCIOCULTURAL I","FOSO1",NULL,"-",42,NULL,NULL,"-"
1907,"FORMACION SOCIOCULTURAL II","FOSO2",NULL,"-",42,NULL,NULL,"-"
1908,"IDIOMA EXTRANJERO I","IDEX1",NULL,"-",42,NULL,NULL,"-"
1909,"IDIOMA EXTRANJERO II","IDEX2",NULL,"-",42,NULL,NULL,"-"
1910,"IDIOMA EXTRANJERO III","IDEX3",NULL,"-",42,NULL,NULL,"-"
1911,"IDIOMA EXTRANJERO IV","IDEX4",NULL,"-",42,NULL,NULL,"-"
1912,"IDIOMA EXTRANJERO V","IDEX5",NULL,"-",42,NULL,NULL,"-"
1913,"INFORMATICA I","INFO1",NULL,"-",42,NULL,NULL,"-"
1914,"INFORMATICA II","INFO2",NULL,"-",42,NULL,NULL,"-"
1915,"INFORMATICA III","INFO3",NULL,"-",42,NULL,NULL,"-"
1916,"INGENIERIA INDUSTRIAL","IINDU",NULL,"-",42,NULL,NULL,"-"
1917,"INSTRUMENTACION INDUSTRIAL","INSTI",NULL,"-",42,NULL,NULL,"-"
1918,"MANTENIMIENTO","MANTO",NULL,"-",42,NULL,NULL,"-"
1919,"MAQUINAS ELECTRICAS","MAELE",NULL,"-",42,NULL,NULL,"-"
1920,"MATEMATICAS I","MATE1",NULL,"-",42,NULL,NULL,"-"
1921,"MATEMATICAS II","MATE2",NULL,"-",42,NULL,NULL,"-"
1922,"MATEMATICAS III","MATE3",NULL,"-",42,NULL,NULL,"-"
1923,"MATERIALES Y PROCESOS DE MANUFACTURA I","MYPM1",NULL,"-",42,NULL,NULL,"-"
1924,"MATERIALES Y PROCESOS DE MANUFACTURA II","MYPM2",NULL,"-",42,NULL,NULL,"-"
1925,"METROLOGIA","METRO",NULL,"-",42,NULL,NULL,"-"
1926,"PROYECTO","PROYE",NULL,"-",42,NULL,NULL,"-"
1927,"QUIMICA","QUIMI",NULL,"-",42,NULL,NULL,"-"
1928,"RESISTENCIA DE MATERIALES","RESIS",NULL,"-",42,NULL,NULL,"-"
1929,"SISTEMAS DE BOMBEO","SIBOM",NULL,"-",42,NULL,NULL,"-"
1930,"SISTEMAS DE COMBUSTION Y CALDERAS","SICCA",NULL,"-",42,NULL,NULL,"-"
1931,"SISTEMAS ELECTRICOS","SELEC",NULL,"-",42,NULL,NULL,"-"
1932,"TERMODINAMICA","TERMO",NULL,"-",42,NULL,NULL,"-"
1933,"VEHICULOS AUTOMOTORES","VEAUT",NULL,"-",42,NULL,NULL,"-"
1934,"INFORMATICA I","INFO1",NULL,"-",51,NULL,NULL,"-"
1935,"MATEMÁTICAS I","MATE1",NULL,"-",51,NULL,NULL,"-"
1936,"METROLOGIA","METRO",NULL,"-",51,NULL,NULL,"-"
1937,"DIBUJO","DIBUJ",NULL,"-",51,NULL,NULL,"-"
1938,"INFORMATICA III","INFO3",NULL,"-",51,NULL,NULL,"-"
1939,"MATEMATICAS III","MATE3",NULL,"-",51,NULL,NULL,"-"
1940,"RESISTENCIA DE MATERIALES","RESIS",NULL,"-",51,NULL,NULL,"-"
1941,"EXPRESION ORAL Y ESCRITA I","EXOE1",NULL,"-",51,NULL,NULL,"-"
1942,"EXPRESION ORAL Y ESCRITA II","EXOE2",NULL,"-",51,NULL,NULL,"-"
1943,"QUÍMICA","QUIMI",NULL,"-",51,NULL,NULL,"-"
1944,"SISTEMAS DE BOMBEO","SIBOM",NULL,"-",51,NULL,NULL,"-"
1945,"ELECTRICIDAD Y MAGNETISMO","ELEMA",NULL,"-",51,NULL,NULL,"-"
1946,"SISTEMAS DE COMBUSTION Y CALDERAS","SICCA",NULL,"-",51,NULL,NULL,"-"
1947,"INSTRUMENTACION INDUSTRIAL","INSTI",NULL,"-",51,NULL,NULL,"-"
1948,"MATERIALES Y PROCESOS DE MANUFACTURA I","MYPM1",NULL,"-",51,NULL,NULL,"-"
1949,"IDIOMA EXTRANJERO II","IDEX2",NULL,"-",51,NULL,NULL,"-"
1950,"AUTOMATIZACION INDUSTRIAL","AINDU",NULL,"-",51,NULL,NULL,"-"
1951,"MATERIALES Y PROCESOS DE MANUFACTURA II","MYPM2",NULL,"-",51,NULL,NULL,"-"
1952,"IDIOMA EXTRANJERO III","IDEX3",NULL,"-",51,NULL,NULL,"-"
1953,"MANTENIMIENTO","MANTO",NULL,"-",51,NULL,NULL,"-"
1954,"AIRE ACONDICIONADO Y REFRIGERACION","AAREF",4,"-",51,9,3,"-"
1955,"IDIOMA EXTRANJERO V","IDEX5",4,"-",51,9,2,"-"
1956,"PROYECTO","PROYE",4,"-",51,9,NULL,"-"
1957,"FORMACION SOCIOCULTURAL II","FOSO2",5,"-",51,9,2,"-"
1958,"MAQUINAS ELECTRICAS","MAELE",4,"-",51,9,NULL,"-"
1959,"CALIDAD","CALID",NULL,"-",51,NULL,NULL,"-"
1960,"FÍSICA","FISIC",NULL,"-",51,NULL,NULL,"-"
1961,"INFORMATICA II","INFO2",NULL,"-",51,NULL,NULL,"-"
1962,"MATEMÁTICAS II","MATE2",NULL,"-",51,NULL,NULL,"-"
1963,"IDIOMA EXTRANJERO I","IDEX1",NULL,"-",51,NULL,NULL,"-"
1964,"INGENIERÍA INDUSTRIAL","IINDU",NULL,"-",51,NULL,NULL,"-"
1965,"SISTEMAS ELECTRICOS","SELEC",NULL,"-",51,NULL,NULL,"-"
1966,"TERMODINÁMICA","TERMO",NULL,"-",51,NULL,NULL,"-"
1967,"DISEÑO MECANICO","DIMEC",6,"-",51,8,NULL,"-"
1968,"FORMACION SOCIOCULTURAL I","FOSO1",5,"-",51,8,2,"-"
1969,"IDIOMA EXTRANJERO IV","IDEX4",4,"-",51,8,3,"-"
1970,"VEHICULOS AUTOMOTORES","VEAUT",5,"-",51,8,4,"-"
1971,"AIRE ACONDICIONADO Y REFRIGERACION","AAREF",5,"A",30,5,3,"-"
1972,"AUTOMATIZACION Y CONTROL","ACONT",5,"A",30,5,4,"-"
1973,"DIBUJO TECNICO INDUSTRIAL","DTI",6,"A",30,2,4,"-"
1974,"DINAMICA","IDMEC",4,"A",30,3,2,"-"
1975,"ESTATICA","EST",5,"A",30,2,3,"-"
1976,"EXPRESION ORAL Y ESCRITA I","EXOE1",5,"A",30,1,3,"-"
1977,"EXPRESION ORAL Y ESCRITA II","EXOE2",5,"A",30,5,3,"-"
1978,"FORMACION SOCIOCULTURAL I","FOSO1",2,"A",30,1,2,"-"
1979,"FORMACION SOCIOCULTURAL II","FOSO2",3,"A",30,2,2,"-"
1980,"FORMACION SOCIOCULTURAL III","FOSO3",2,"A",30,3,2,"-"
1981,"FORMACION SOCIOCULTURAL IV","FOSO4",3,"A",30,4,3,"-"
1982,"FUNDAMENTOS DE ELECTRICIDAD Y MAGNETISMO","FEM",5,"A",30,1,3,"-"
1983,"HIDRAULICA","HDRA",5,"A",30,4,3,"-"
1984,"INFORMATICA I","INFO1",5,"A",30,1,4,"-"
1985,"INFORMATICA II","INFO2",6,"A",30,2,5,"-"
1986,"INFORMATICA III","INFO3",5,"A",30,3,2,"-"
1987,"INGENIERIA INDUSTRIAL","IINDU",5,"A",30,5,6,"-"
1988,"INGLES I","IINGI",4,"A",30,1,3,"-"
1989,"INGLES II","IINII",4,"A",30,2,2,"-"
1990,"INGLES III","INIII",4,"A",30,3,2,"-"
1991,"INGLES IV","INIV",4,"A",30,4,3,"-"
1992,"INGLES V","INGV",4,"A",30,5,2,"-"
1993,"INSTRUMENTACION INDUSTRIAL","INSTI",5,"A",30,4,3,"-"
1994,"INTEGRADORA I","IIN I",2,"A",30,3,2,"A"
1995,"INTEGRADORA II","INTG",2,"A",30,5,3,"A"
1996,"MANTENIMIENTO","MANTO",4,"A",30,4,3,"-"
1997,"MANUFACTURA I","MAF",6,"A",30,2,4,"-"
1998,"MANUFACTURA II","MFC",6,"A",30,3,3,"-"
1999,"MATEMATICAS I","MATE1",5,"A",30,1,3,"-"
2000,"MATEMATICAS II","MATE2",5,"A",30,2,4,"-"
2001,"MATEMATICAS III","MATE3",6,"A",30,3,4,"-"
2002,"METROLOGIA","METRO",4,"A",30,1,4,"-"
2003,"QUIMICA","QUIMI",5,"A",30,1,3,"-"
2004,"RESISTENCIA DE MATERIALES","RESIS",6,"A",30,3,5,"-"
2005,"SEGURIDAD INDUSTRIAL","ISIND",4,"A",30,4,2,"-"
2006,"SISTEMAS DE COMBUSTION Y CALDERAS","SICCA",4,"A",30,5,4,"-"
2007,"TERMODINAMICA","TERMO",5,"A",30,4,3,"-"
2008,"VEHICULOS AUTOMOTORES","VEAUT",5,"A",30,5,4,"-"
2009,"ANALISIS Y SELECCION DE ELEMENTOS MECANICOS","ASEM",5,"A",30,4,3,"-"
2010,"CIRCUITOS ELECTRICOS","CELEC",6,"A",18,1,3,"-"
2011,"CONTROL DE MOTORES ELECTRICOS","CME",5,"A",18,2,4,"-"
2012,"CONTROLADORES LOGICOS PROGRAMABLES","CLOG",7,"A",18,3,3,"-"
2013,"DISPOSITIVOS ANALOGICOS","DIAN",6,"A",18,4,5,"-"
2014,"ELECTRONICA ANALOGICA","ELANA",6,"A",18,2,7,"-"
2015,"ELEMENTOS DIMENSIONALES","EDI",5,"A",18,2,3,"-"
2016,"EXPRESION ORAL Y ESCRITA I","EXOE1",5,"A",18,1,3,"-"
2017,"EXPRESION ORAL Y ESCRITA II","EXOE2",5,"A",18,5,3,"-"
2018,"FORMACION SOCIOCULTURAL I","FOSO1",2,"A",18,1,2,"-"
2019,"FORMACION SOCIOCULTURAL II","FOSO2",3,"A",18,2,2,"-"
2020,"FORMACION SOCIOCULTURAL III","FOSO3",2,"A",18,3,2,"-"
2022,"FUNDAMENTOS DE ESTATICA Y DINAMICA","FESDI",4,"A",18,1,4,"-"
2023,"INFORMATICA","INFOR",4,"A",18,1,5,"-"
2024,"INGLES I","IINGI",4,"A",18,1,3,"-"
2025,"INGLES II","IINII",4,"A",18,2,2,"-"
2026,"INGLES III","INIII",4,"A",18,3,2,"-"
2027,"INGLES IV","INIV",4,"A",18,4,3,"-"
2028,"INGLES V","INGV",4,"A",18,5,2,"-"
2029,"INSTRUMENTACION INDUSTRIAL","INSTI",5,"A",18,4,4,"-"
2030,"INSTRUMENTACION VIRTUAL","IVIRT",6,"A",18,5,3,"-"
2031,"INTEGRACION DE SISTEMAS AUTOMATICOS","INSAU",7,"A",18,5,5,"-"
2032,"LENGUAJE DE PROGRAMACION","LPROG",3,"A",18,4,3,"-"
2033,"LOGICA DE PROGRAMACION","LOPRO",3,"A",18,2,3,"-"
2034,"MATEMATICAS","MAT",6,"A",18,1,4,"-"
2035,"MICROCONTROLADORES PARA INSTRUMENTACION Y CONTROL","MCPIC",6,"A",18,5,3,"-"
2036,"PLANEACION DE PROYECTOS DE AUTOMATIZACION","PPAU",3,"A",18,3,3,"-"
2037,"PROCESOS PRODUCTIVOS","PPROD",4,"A",18,1,5,"-"
2038,"PROGRAMACION VISUAL","PROVI",5,"A",18,5,3,"-"
2039,"SENSORES","SEN",3,"A",18,2,4,"-"
2040,"SISTEMAS DE CONTROL AUTOMATICO","SCA",5,"A",18,3,5,"-"
2041,"SISTEMAS DIGITALES","SISTD",7,"A",18,3,6,"-"
2042,"SISTEMAS DIGITALES II","SDI2",4,"A",18,4,4,"-"
2043,"SISTEMAS HIDRAULICOS Y NEUMATICOS","SNH",6,"A",18,2,4,"-"
2044,"SISTEMAS LINEALES PARA AUTOMATIZACION","SLPA",5,"A",18,4,3,"-"
2045,"SISTEMAS MECANICOS","SME",5,"A",18,3,3,"-"
2047,"INTEGRADORA I","IIN I",2,"A",18,3,3,"A"
2048,"INTEGRADORA II","INTG",2,"A",18,5,3,"A"
2049,"ADMINISTRACION","ADMON",4,"A",33,5,2,"-"
2050,"CALIDAD","CALID",3,"A",33,4,2,"-"
2051,"CONTABILIDAD EN LA INDUSTRIA MINERA","CPRE",4,"A",33,4,2,"-"
2052,"DESARROLLO SUSTENTABLE","DSUS",3,"A",33,2,2,"-"
2053,"ESTADISTICA","ESTAD",4,"A",33,3,2,"-"
2054,"EXPLOTACION DE MINAS A CIELO ABIERTO","EMCA",6,"A",33,2,3,"-"
2055,"EXPRESION ORAL Y ESCRITA I","EXOE1",5,"A",33,1,3,"-"
2056,"EXPRESION ORAL Y ESCRITA II","EXOE2",5,"A",33,5,3,"-"
2057,"FORMACION SOCIOCULTURAL I","FOSO1",2,"A",33,1,2,"-"
2058,"FORMACION SOCIOCULTURAL II","FOSO2",3,"A",33,2,2,"-"
2059,"FORMACION SOCIOCULTURAL III","FOSO3",2,"A",33,3,2,"-"
2060,"FORMACION SOCIOCULTURAL IV","FOSO4",3,"A",33,4,3,"-"
2061,"GEOLOGIA GENERAL","GEOG",6,"A",33,1,3,"-"
2062,"INFORMATICA","INFOR",5,"A",33,1,5,"-"
2063,"INGLES I","IINGI",4,"A",33,1,3,"-"
2064,"INGLES II","IINII",4,"A",33,2,2,"-"
2065,"INGLES III","INIII",4,"A",33,3,2,"-"
2066,"INGLES IV","INIV",4,"A",33,4,3,"-"
2067,"INGLES V","INGV",4,"A",33,5,2,"-"
2068,"MATEMATICAS I","MATE1",5,"A",33,1,3,"-"
2069,"MATEMATICAS II","MATE2",5,"A",33,2,4,"-"
2070,"METROLOGIA","METRO",3,"A",33,1,2,"-"
2071,"TOPOGRAFIA","TOPO",6,"A",33,1,3,"-"
2072,"YACIMIENTOS MINERALES","YMIN",4,"A",33,2,3,"-"
2074,"FISICA","FISIC",5,"A",33,2,4,"-"
2077,"EXPLOTACION DE MINAS SUBTERRÃNEAS","EXPMS",6,"A",33,3,3,"-"
2080,"CONTROL Y MANEJO DE ALMACEN","CONMA",4,"A",33,4,2,"-"
2081,"PLANEACION DE LA PRODUCCION MINERA","PLAPR",4,"A",33,4,2,"-"
2082,"QUIMICA INDUSTRIAL","QUIND",7,"A",33,4,2,"-"
2083,"PROCESAMIENTO DE MINERALES","FUNME",6,"A",33,4,3,"-"
2084,"HIDROMETALURGIA","HIDME",6,"A",33,5,2,"-"
2085,"ELECTROMETALURGIA","ELEME",6,"A",33,5,2,"-"
2086,"ANALISIS FISICO-QUIMICOS","ANAFQ",7,"A",33,5,3,"-"
2087,"INTEGRADORA I","IIN I",2,"A",33,3,2,"A"
2088,"INTEGRADORA II","INTG",2,"A",33,5,2,"A"
2089,"ANATOMIA Y FISIOLOGIA HUMANA I","AFHU1",6,"-",8,1,3,"-"
2091,"BIOLOGIA","BIOLO",6,"-",8,1,3,"-"
2092,"CALIDAD","CALID",4,"-",8,5,3,"-"
2093,"COMUNICACION EN EMERGENCIAS","COEME",4,"-",8,3,3,"-"
2094,"ESTADO DE CHOQUE Y TERAPIA ENDOVENOSA","ECTEN",NULL,"-",8,3,3,"-"
2095,"EXPRESION ORAL Y ESCRITA I","EXOE1",5,"-",8,4,3,"-"
2096,"EXPRESION ORAL Y ESCRITA II","EXOE2",5,"-",8,5,3,"-"
2097,"FORMACION SOCIOCULTURAL I","FOSO1",5,"-",8,2,3,"-"
2098,"FORMACION SOCIOCULTURAL II","FOSO2",5,"-",8,4,3,"-"
2099,"HISTORIA CLINICA Y TECNICAS DE EXPLORACION FISICA","HCTEF",5,"-",8,2,3,"-"
2100,"IDIOMA EXTRANJERO I","IDEX1",4,"-",8,1,3,"-"
2101,"IDIOMA EXTRANJERO P/SERVICIOS I","IEXS1",4,"-",8,2,3,"-"
2102,"IDIOMA EXTRANJERO PSERVICIOS II","IEXS2",4,"-",8,3,3,"-"
2103,"IDIOMA EXTRANJERO P/SERVICIOS III","IEXS3",4,"-",8,4,3,"-"
2104,"IDIOMA EXTRANJERO P/SERVICIOS IV","IEXS4",4,"-",8,5,3,"-"
2105,"INFORMATICA I","INFO1",5,"-",8,1,3,"-"
2106,"INFORMATICA II","INFO2",5,"-",8,2,3,"-"
2107,"INFORMATICA P/SERVICIOS","INFSE",4,"-",8,4,3,"-"
2108,"INTRODUCCION A LA CARRERA DE PARAMEDICO","INPAR",6,"-",8,1,3,"-"
2109,"MANEJO DE PACIENTES EN SITUACIONES ESPECIALES","MPSES",6,"-",8,5,3,"-"
2110,"MANEJO DE VIA AEREA AVANZADA Y EMERGENCIAS CARDIOVASCULARES","MVAEC",5,"-",8,5,3,"-"
2111,"MANEJO DEL PACIENTE QUEMADO","MPQUE",5,"-",8,5,3,"-"
2112,"MANEJO GENERAL DEL PACIENTE TRAUMATIZADO","TRAUM",5,"-",8,4,3,"-"
2113,"MATEMATICAS I","MATE1",5,"-",8,1,3,"-"
2114,"MATEMATICAS II","MATE2",5,"-",8,2,3,"-"
2115,"MATEMATICAS PSERVICIOS","MATSE",4,"-",8,3,3,"-"
2116,"PRINCIPIOS GENERALES DE FISIOPATOLOGIA Y FARMACOLOGIA","PGFFA",5,"-",8,3,3,"-"
2117,"PROCEDIMIENTOS PARA EL CUIDADO DE PACIENTES I","PPCP1",5,"-",8,3,3,"-"
2118,"PROCEDIMIENTOS PARA EL CUIDADO DE PACIENTES II","PPCP2",5,"-",8,4,3,"-"
2119,"QUIMICA","QUIMI",6,"-",8,1,3,"-"
2120,"SERVICIOS DE EMERGENCIAS MEDICAS I","SEME1",6,"-",8,2,3,"-"
2121,"SERVICIOS DE EMERGENCIAS MEDICAS II","SEME2",5,"-",8,3,3,"-"
2122,"SISTEMAS DE MONITORIZACION Y EQUIPOS ELECTROMEDICOS","SISMO",4,"-",8,4,3,"-"
2123,"TOMA DE DECISIONES CLINICAS","TOMAD",4,"-",8,4,3,"-"
2124,"VEHICULOS AUTOMOTORES","VEAUT",NULL,"-",8,NULL,NULL,"-"
2125,"ADMINISTRACION DE LA PRODUCCION I","APRD1",6,"A",17,2,4,"-"
2126,"ADMINISTRACION DEL MANTENIMIENTO","ADMAN",4,"A",17,4,3,"-"
2127,"ASEGURAMIENTO DEL PRODUCTO GRÃFICO","APG",6,"A",17,4,3,"-"
2128,"CONTROL ESTADISTICO DEL PROCESO","CEP",4,"A",17,3,4,"-"
2129,"COSTOS DE PRODUCCION","COST",4,"A",17,2,3,"-"
2130,"DIBUJO INDUSTRIAL","DIND",5,"A",17,1,5,"-"
2131,"DISTRIBUCION DE PLANTA","DPLA",3,"A",17,3,4,"-"
2132,"ESTADISTICA","ESTAD",5,"A",17,2,3,"-"
2133,"EXPRESION ORAL Y ESCRITA I","EXOE1",5,"A",17,1,3,"-"
2134,"EXPRESION ORAL Y ESCRITA II","EXOE2",5,"A",17,5,3,"-"
2135,"FORMACION SOCIOCULTURAL I","FOSO1",2,"A",17,1,2,"-"
2136,"FORMACION SOCIOCULTURAL II","FOSO2",3,"A",17,2,2,"-"
2137,"FORMACION SOCIOCULTURAL III","FOSO3",2,"A",17,3,2,"-"
2138,"FORMACION SOCIOCULTURAL IV","FOSO4",3,"A",17,4,3,"-"
2139,"HERRAMIENTAS INFORMATICAS","HINF",5,"A",17,1,3,"-"
2140,"INGLES I","IINGI",4,"A",17,1,3,"-"
2141,"INGLES II","IINII",4,"A",17,2,2,"-"
2142,"INGLES III","INIII",4,"A",17,3,2,"-"
2143,"INGLES IV","INIV",4,"A",17,4,3,"-"
2144,"INGLES V","INGV",4,"A",17,5,2,"-"
2145,"MATEMATICAS","MAT",6,"A",17,1,4,"-"
2146,"MATERIALES GRAFICOS","MGRA",3,"A",17,3,4,"-"
2147,"METODOS Y SISTEMAS DE TRABAJO I","MET",6,"A",17,2,3,"-"
2148,"METROLOGIA","METRO",5,"A",17,1,3,"-"
2149,"OFFSET I","OFFSE",5,"A",17,4,2,"-"
2150,"OFFSET II","OFF",8,"A",17,5,3,"-"
2151,"ORGANIZACION INDUSTRIAL","OIND",3,"A",17,1,3,"-"
2152,"POSTPRENSA","POSTP",5,"A",17,5,4,"-"
2153,"PREPRENSA","PREP",6,"A",17,3,3,"-"
2154,"PROCESOS DE IMPRESION","PIMPR",6,"A",17,5,4,"-"
2155,"PROCESOS DE MANUFACTURA","PMANU",5,"A",17,3,3,"-"
2156,"PROPIEDADES DE LOS MATERIALES","PROP",3,"A",17,2,3,"-"
2157,"SERIGRAFIA","SERIG",3,"A",17,4,2,"-"
2158,"SOFTWARE DE IMAGEN","SWI",6,"A",17,4,3,"-"
2159,"SOFTWARE DE VECTORES","SWV",6,"A",17,3,3,"-"
2160,"SOFTWARE EDITORIAL","SWE",5,"A",17,5,3,"-"
2161,"TECNICAS DE MEDICION GRAFICA","TMG",4,"A",17,4,3,"-"
2162,"TOPICOS DE MANUFACTURA","TOP",4,"A",17,2,2,"-"
2163,"INTEGRADORA I","IIN I",2,"A",17,3,2,"A"
2164,"INTEGRADORA II","INTG",2,"A",17,5,3,"A"
2168,"DESARROLLO DE SITIOS WEB","DSWEB",NULL,"A",5,NULL,NULL,"-"
2169,"INFORMÁTICA II","INFO2",NULL,"A",5,NULL,NULL,"-"
2170,"EXPRESIÓN ORAL Y ESCRITA II","EXOE2",5,"A",5,5,3,"-"
2171,"ADMINISTRACIÓN Y AUDITORIA DE LA FUNCIÓN INFORMÁTICA","AAFIN",NULL,"A",5,NULL,NULL,"-"
2172,"SISTEMAS OPERATIVOS MULTIUSUARIOS","SOMUL",NULL,"A",5,NULL,NULL,"-"
2173,"PROYECTO DE CARRERA","PROCA",NULL,"A",5,NULL,NULL,"-"
2174,"PROGRAMACIÓN AVANZADA","PROAV",NULL,"A",5,NULL,NULL,"-"
2175,"INGLES V","IDEX5",4,"A",5,5,2,"-"
2176,"CALIDAD","CALID",NULL,"A",5,NULL,NULL,"-"
2177,"IDIOMA EXTRANJERO II","IDEX2",4,"A",5,NULL,NULL,"-"
2178,"MATEMÁTICAS II","MATE2",NULL,"A",5,NULL,NULL,"-"
2179,"PROGRAMACIÓN DE COMPUTADORAS","PRCOM",NULL,"A",5,NULL,NULL,"-"
2180,"FORMACIÓN SOCIOCULTURAL II","FOSO2",3,"A",5,2,2,"-"
2181,"COMUNICACIÓN DE DATOS","CODAT",NULL,"A",5,NULL,NULL,"-"
2182,"ANÁLISIS Y DISEÑO DE SISTEMAS DE INFORMACIÓN II","ANDI2",NULL,"A",5,NULL,NULL,"-"
2183,"BASE DE DATOS II","BDAT2",7,"A",5,3,8,"-"
2184,"ESTRUCTURA DE DATOS","ESTDA",7,"A",5,4,6,"-"
2185,"CALIDAD EN EL DESARROLLO DE SOFTWARE","CDSOF",6,"A",5,5,5,"-"
2186,"PROGRAMACION VISUAL","PROVI",NULL,"A",5,NULL,NULL,"-"
2187,"FORMACION SOCIOCULTURAL IV","FOSO4",3,"A",5,4,3,"-"
2188,"INGLES IV","IDEX4",4,"A",5,4,3,"-"
2189,"ANALISIS Y DISENO DE SISTEMAS DE INFORMACION I","ANDI1",NULL,"A",5,NULL,NULL,"-"
2190,"SISTEMAS OPERATIVOS","SOP",5,"A",5,3,4,"-"
2191,"FORMACION SOCIOCULTURAL III","FOSO3",2,"A",5,3,2,"-"
2192,"INGLES III","IDEX3",4,"A",5,3,2,"-"
2193,"DESARROLLO DE APLICACIONES WEB","DAPL",6,"A",5,3,2,"-"
2194,"ADMINISTRACION DE LA FUNCION INFORMATICA","AFINF",3,"A",5,3,3,"-"
2195,"DESARROLLO DE APLICACIONES I","DAPLI",6,"A",5,3,4,"-"
2196,"INTEGRADORA I","IIN I",2,"A",5,3,2,"A"
2197,"ADMINISTRACION DE BASE DE DATOS","ADBD",6,"A",5,4,4,"-"
2198,"DESARROLLO DE APLICACIONES II","DAPII",7,"A",5,4,5,"-"
2199,"INGENIERIA DE SOFTWARE I","ISFTW",6,"A",5,4,3,"-"
2200,"DESARROLLO DE APLICACIONES III","DAP3",7,"A",5,5,5,"-"
2201,"INTEGRADORA II","INTG",2,"A",5,5,2,"A"
2202,"ADMINISTRACION DE PROYECTOS","APROY",5,"A",5,5,2,"-"
2203,"INGENIERIA DE SOFTWARE II","ISOTW",6,"A",5,5,4,"-"
2231,"MATEMÁTICAS II","MATE2",NULL,"A",11,NULL,NULL,"-"
2232,"ADMINISTRACIÓN DE ESTABLECIMIENTO DE ALIMENTOS Y BEBIDAS","ADEAB",4,"A",11,5,5,"-"
2233,"2° IDIOMA EXTRANJERO II","2IEX2",3,"A",11,5,5,"-"
2234,"INGLES V","IDEX5",4,"A",11,5,2,"-"
2235,"NUTRICIÓN Y DIETÉTICA","NUDIE",NULL,"A",11,NULL,NULL,"-"
2236,"INFORMÁTICA II","INFO2",NULL,"A",11,NULL,NULL,"-"
2237,"PLANEACIÓN Y DISEÑO DE EVENTOS","PLADE",4,"A",11,5,5,"-"
2238,"INGLES II","IDEX2",4,"A",11,2,2,"-"
2239,"FORMACIÓN SOCIOCULTURAL II","FOSO2",3,"A",11,2,2,"-"
2240,"EXPRESIÓN ORAL Y ESCRITA II","EXOE2",5,"A",11,5,3,"-"
2241,"MERCADOTECNIA DE SERVICIOS DE ALIMENTOS","MESEA",4,"A",11,5,4,"-"
2242,"PREPARACIÓN DE ALIMENTOS V","PREA5",7,"A",11,5,5,"-"
2243,"SERVICIO AL CLIENTE","SECLI",NULL,"A",11,NULL,NULL,"-"
2244,"IDIOMA EXTRANJERO P/SERVICIOS II","IEXS2",4,"A",11,5,2,"-"
2245,"PREPARACIÓN DE ALIMENTOS II","PREA2",NULL,"A",11,NULL,NULL,"-"
2246,"IDIOMA EXTRANJERO III","IDEX3",NULL,"A",11,NULL,NULL,"-"
2247,"INFORMATICA III","INFO3",NULL,"A",11,NULL,NULL,"-"
2248,"DERECHO MERCANTIL","DEMER",NULL,"A",11,NULL,NULL,"-"
2249,"CONTABILIDAD","CONTA",NULL,"A",11,NULL,NULL,"-"
2250,"QUIMICA","QUIMI",NULL,"A",11,NULL,NULL,"-"
2251,"MANEJO DE ALMACENES","MALMA",NULL,"A",11,NULL,NULL,"-"
2252,"ENOLOGIA","ENOLO",NULL,"A",11,NULL,NULL,"-"
2253,"PREPARACION DE ALIMENTOS III","PREA3",NULL,"A",11,NULL,NULL,"-"
2254,"COMERCIALIZACION","COMER",NULL,"A",11,NULL,NULL,"-"
2255,"ADMINISTRACION DE RECURSOS HUMANOS","ADRHU",NULL,"A",11,NULL,NULL,"-"
2256,"MATEMATICAS I","MATE1",NULL,"A",11,NULL,NULL,"-"
2257,"CALIDAD","CALID",NULL,"A",11,NULL,NULL,"-"
2258,"IDIOMA EXTRANJERO I","IDEX1",NULL,"A",11,NULL,NULL,"-"
2259,"IDIOMA EXTRANJERO IV","IDEX4",NULL,"A",11,NULL,NULL,"-"
2260,"HIGIENE Y SEGURIDAD","HYSEG",NULL,"A",11,NULL,NULL,"-"
2261,"ADMINISTRACION","ADMON",NULL,"A",11,NULL,NULL,"-"
2262,"INFORMATICA I","INFO1",NULL,"A",11,NULL,NULL,"-"
2263,"IDIOMA EXTRANJERO P/SERVICIOS I","IEXS1",NULL,"A",11,NULL,NULL,"-"
2264,"PREPARACION DE ALIMENTOS IV","PREA4",NULL,"A",11,NULL,NULL,"-"
2265,"FORMACION SOCIOCULTURAL I","FOSO1",2,"A",11,1,2,"-"
2266,"EXPRESION ORAL Y ESCRITA I","EXOE1",5,"A",11,1,3,"-"
2267,"PREPARACION DE ALIMENTOS I","PREA1",NULL,"A",11,NULL,NULL,"-"
2268,"2° IDIOMA EXTRANJERO I","2IEX1",NULL,"A",11,NULL,NULL,"-"
2269,"MATEMATICAS APLICADAS A LA GASTRONOMIA","MGA",4,"A",11,1,2,"-"
2270,"INFORMATICA","INFOR",4,"A",11,1,4,"-"
2271,"INGLES I","IINGI",4,"A",11,1,3,"-"
2272,"BASES CULINARIAS","BC",8,"A",11,1,3,"-"
2273,"INTRODUCCION A LA GASTRONOMIA","IGA",5,"A",11,1,3,"-"
2274,"SEGURIDAD E HIGIENE EN ALIMENTOS","SHA",3,"A",11,1,2,"-"
2275,"PANADERIA","PANA",6,"A",11,2,3,"-"
2277,"METODOS Y TECNICAS CULINARIAS","MTECC",8,"A",11,2,3,"-"
2278,"MANEJO DE ALMACEN","MDAL",3,"A",11,2,2,"-"
2279,"FUNDAMENTOS DE NUTRICION","FNUT",4,"A",11,2,3,"-"
2280,"OPERACION DE BAR","OBAR",4,"A",11,2,2,"-"
2281,"HABILIDADES DE PENSAMIENTO LOGICO","HPL",3,"A",11,2,NULL,"-"
2282,"PASTELERÍA","PAS",7,"A",11,3,2,"-"
2283,"FUNDAMENTOS DE VITIVINICULTURA","FVIT",4,"A",11,3,2,"-"
2284,"ESTANDARIZACIÓN DE PLATILLOS","EPLA",8,"A",11,3,3,"-"
2285,"INTEGRADORA I","IIN I",2,"A",11,4,3,"A"
2286,"FORMACION SOCIOCULTURAL III","FOSO3",2,"A",11,3,2,"-"
2287,"ADMINISTRACIÓN DE ALIMENTOS Y BEBIDAS I","AAB",4,"A",11,3,2,"-"
2288,"COSTOS Y PRESUPUESTOS","CPRE",5,"A",11,3,2,"-"
2289,"INGLES III","INIII",4,"A",11,3,2,"-"
2294,"FORMACIÓN SOCIOCULTURAL I","FOSO1",NULL,"A",58,NULL,NULL,"-"
2295,"MATEMÁTICAS II","MATE2",NULL,"A",58,NULL,NULL,"-"
2296,"CALIDAD","CALID",NULL,"A",58,NULL,NULL,"-"
2297,"INFORMÁTICA II","INFO2",NULL,"A",58,NULL,NULL,"-"
2298,"MANTENIMIENTO PREVENTIVO","MANPR",NULL,"A",58,NULL,NULL,"-"
2299,"EXPRESION ORAL Y ESCRITA II","EXOE2",NULL,"A",58,NULL,NULL,"-"
2300,"FORMACION SOCIOCULTURAL IV","FOSO4",NULL,"A",58,NULL,NULL,"-"
2301,"BASE DE DATOS","BD",NULL,"A",58,NULL,NULL,"-"
2302,"IDIOMA EXTRANJERO I","IDEX1",NULL,"A",58,NULL,NULL,"-"
2303,"PROTOCOLO DE TELECOMUNICACIONES","PRTEL",NULL,"A",58,NULL,NULL,"-"
2304,"ELECTRONICA ANALOGICA","ELANA",NULL,"A",58,NULL,NULL,"-"
2305,"IDIOMA EXTRANJERO II","IDEX2",NULL,"A",58,NULL,NULL,"-"
2306,"PROPAGACION Y TRATAMIENTO DE SENALES","PTASE",NULL,"A",58,NULL,NULL,"-"
2307,"DESARROLLO DE SITIOS WEB","DSWEB",NULL,"A",58,NULL,NULL,"-"
2308,"INSTRUMENTACION DE TELECOMUNICACIONES","ITELE",NULL,"A",58,NULL,NULL,"-"
2309,"IDIOMA EXTRANJERO III","IDEX3",NULL,"A",58,NULL,NULL,"-"
2310,"ELECTRONICA DIGITAL","ELDIG",NULL,"A",58,NULL,NULL,"-"
2311,"IDIOMA EXTRANJERO IV","IDEX4",NULL,"A",58,NULL,NULL,"-"
2312,"SOFTWARE DE COMUNICACIONES","SOFCO",NULL,"A",58,NULL,NULL,"-"
2313,"COMUNICACIONES ALAMBRICAS","COALA",NULL,"A",58,NULL,NULL,"-"
2314,"PROYECTO DE CARRERA","PROCA",NULL,"A",58,NULL,NULL,"-"
2315,"ADMINISTRACION Y MANTENIMIENTO DE REDES","AMARE",NULL,"A",58,NULL,NULL,"-"
2316,"IDIOMA EXTRANJERO V","IDEX5",NULL,"A",58,NULL,NULL,"-"
2317,"COMUNICACIONES INALAMBRICAS","COINA",NULL,"A",58,NULL,NULL,"-"
2325,"EXPRESIÓN ORAL Y ESCRITA I","EXOE1",NULL,"A",47,NULL,NULL,"-"
2326,"PROGRAMACIÓN VISUAL","PROVI",NULL,"A",47,NULL,NULL,"-"
2327,"ADMINISTRACIÓN","ADMON",NULL,"A",47,NULL,NULL,"-"
2328,"CALIDAD","CALID",NULL,"A",47,NULL,NULL,"-"
2329,"IDIOMA EXTRANJERO III","IDEX3",NULL,"A",47,NULL,NULL,"-"
2330,"CONTABILIDAD","CONTA",NULL,"A",47,NULL,NULL,"-"
2331,"INFORMÁTICA I","INFO1",NULL,"A",47,NULL,NULL,"-"
2332,"PROGRAMACIÓN DE COMPUTADORAS","PRCOM",NULL,"A",47,NULL,NULL,"-"
2333,"ANÁLISIS Y DISEÑO DE SISTEMAS DE INFORMACIÓN I","ANDI1",NULL,"A",47,NULL,NULL,"-"
2334,"FORMACIÓN SOCIOCULTURAL I","FOSO1",NULL,"A",47,NULL,NULL,"-"
2335,"FORMACIÓN SOCIOCULTURAL III","FOSO3",NULL,"A",47,NULL,NULL,"-"
2336,"MANTENIMIENTO PREVENTIVO","MANPR",NULL,"A",47,NULL,NULL,"-"
2337,"INFORMÁTICA II","INFO2",NULL,"A",47,NULL,NULL,"-"
2338,"REDES DE CÓMPUTO","RECOM",NULL,"A",47,NULL,NULL,"-"
2339,"MATEMÁTICAS I","MATE1",NULL,"A",47,NULL,NULL,"-"
2340,"MATEMÁTICAS II","MATE2",NULL,"A",47,NULL,NULL,"-"
2341,"BASE DE DATOS II","BDAT2",NULL,"A",47,NULL,NULL,"-"
2342,"ESTRUCTURA DE DATOS","ESTDA",NULL,"A",47,NULL,NULL,"-"
2343,"PROGRAMACION AVANZADA","PROAV",NULL,"A",47,NULL,NULL,"-"
2344,"CALIDAD EN EL DESARROLLO DE SOFTWARE","CDSOF",NULL,"A",47,NULL,NULL,"-"
2345,"ADMINISTRACION Y AUDITORIA DE LA FUNCION INFORMATICA","AAFIN",NULL,"A",47,NULL,NULL,"-"
2346,"IDIOMA EXTRANJERO IV","IDEX4",NULL,"A",47,NULL,NULL,"-"
2347,"IDIOMA EXTRANJERO II","IDEX2",NULL,"A",47,NULL,NULL,"-"
2348,"DESARROLLO DE SITIOS WEB","DSWEB",NULL,"A",47,NULL,NULL,"-"
2349,"PROYECTO DE CARRERA","PROCA",NULL,"A",47,NULL,NULL,"-"
2350,"SISTEMAS OPERATIVOS MULTIUSUARIOS","SOMUL",NULL,"A",47,NULL,NULL,"-"
2351,"IDIOMA EXTRANJERO V","IDEX5",NULL,"A",47,NULL,NULL,"-"
2352,"ANALISIS Y DISENO DE SISTEMAS DE INFORMACION II","ANDI2",NULL,"A",47,NULL,NULL,"-"
2356,"CÁLCULO","CALCU",NULL,"-",52,NULL,NULL,"-"
2357,"DIBUJO","DIBUJ",NULL,"-",52,NULL,NULL,"-"
2359,"INFORMÁTICA","INFOR",NULL,"-",52,NULL,NULL,"-"
2361,"ESTÁTICA Y DINÁMICA","ESDIN",NULL,"-",52,NULL,NULL,"-"
2363,"FUNDAMENTOS DE MATEMÁTICAS","FUNMA",NULL,"-",52,NULL,NULL,"-"
2371,"ESTADISTICA","ESTAD",NULL,"-",52,NULL,NULL,"-"
2373,"PROCESOS DE MANUFACTURA","PMANU",NULL,"-",52,NULL,NULL,"-"
2375,"DIBUJO ASISTIDO POR COMPUTADORA","DACOM",NULL,"-",52,NULL,NULL,"-"
2386,"ELECTRICIDAD","ELECT",NULL,"-",52,NULL,NULL,"-"
2391,"ELECTRONICA ANALOGICA","ELANA",NULL,"-",52,NULL,NULL,"-"
2392,"MANTENIMIENTO INDUSTRIAL","MANTI",NULL,"-",52,NULL,NULL,"-"
2395,"SISTEMAS NEUMATICOS","SINEU",NULL,"-",52,NULL,NULL,"-"
2396,"ELECTRONICA DIGITAL","ELDIG",NULL,"-",52,NULL,NULL,"-"
2397,"MAQUINAS Y MECANISMOS","MAMEC",NULL,"-",52,NULL,NULL,"-"
2398,"SISTEMAS AUTOMATIZADOS","SAUTO",NULL,"-",52,NULL,NULL,"-"
2399,"MAQUINAS TERMICAS","MAQTE",NULL,"-",52,NULL,NULL,"-"
2400,"INSTALACIONES ELECTRICAS","INSTE",NULL,"-",52,NULL,NULL,"-"
2401,"SISTEMAS HIDRAULICOS","SITHI",NULL,"-",52,NULL,NULL,"-"
2402,"SEGURIDAD, SALUD Y MEDIO AMBIENTE","SSMAM",NULL,"-",52,NULL,NULL,"-"
2419,"CALIDAD","CALID",NULL,"-",50,NULL,NULL,"-"
2420,"QUÍMICA","QUIMI",NULL,"-",50,NULL,NULL,"-"
2421,"ELECTRÓNICA ANALÓGICA","ELANA",NULL,"-",50,NULL,NULL,"-"
2422,"INSTRUMENTACIÓN INDUSTRIAL I","INST1",NULL,"-",50,NULL,NULL,"-"
2423,"MATEMÁTICAS II","MATE2",NULL,"-",50,NULL,NULL,"-"
2424,"INFORMÁTICA II","INFO2",NULL,"-",50,NULL,NULL,"-"
2425,"FORMACIÓN SOCIOCULTURAL II","FOSO2",NULL,"-",50,NULL,NULL,"-"
2426,"ORGANIZACIÓN Y GESTIÓN DE LA PRODUCCIÓN","OGPRO",NULL,"-",50,NULL,NULL,"-"
2427,"IDIOMA EXTRANJERO II","IDEX2",NULL,"-",50,NULL,NULL,"-"
2428,"IDIOMA EXTRANJERO IV","IDEX4",NULL,"-",50,NULL,NULL,"-"
2429,"IDIOMA EXTRANJERO V","IDEX5",NULL,"-",50,NULL,NULL,"-"
2430,"ELECTRICIDAD INDUSTRIAL","EINDU",NULL,"-",50,NULL,NULL,"-"
2431,"EXPRESIÓN ORAL Y ESCRITA I","EXOE1",NULL,"-",50,NULL,NULL,"-"
2432,"EXPRESIÓN ORAL Y ESCRITA II","EXOE2",NULL,"-",50,NULL,NULL,"-"
2433,"INSTRUMENTACIÓN VIRTUAL","IVIRT",NULL,"-",50,NULL,NULL,"-"
2434,"TELECOMUNICACIONES INDUSTRIALES","TELIN",NULL,"-",50,NULL,NULL,"-"
2435,"AUTOMATIZACIÓN II","AUTO2",NULL,"-",50,NULL,NULL,"-"
2436,"AUTOMATIZACIÓN I","AUTO1",NULL,"-",50,NULL,NULL,"-"
2437,"ELECTRÓNICA DIGITAL","ELDIG",NULL,"-",50,NULL,NULL,"-"
2438,"REDES DE CONTROL","REDES",NULL,"-",50,NULL,NULL,"-"
2439,"IDIOMA EXTRANJERO III","IDEX3",NULL,"-",50,NULL,NULL,"-"
2440,"FORMACION SOCIOCULTURAL I","FOSO1",NULL,"-",50,NULL,NULL,"-"
2441,"INSTRUMENTACION INDUSTRIAL II","INST2",NULL,"-",50,NULL,NULL,"-"
2442,"MATEMATICAS III","MATE3",NULL,"-",50,NULL,NULL,"-"
2443,"TECNOLOGIAS DE FABRICACION","TFABR",NULL,"-",50,NULL,NULL,"-"
2444,"INFORMATICA III","INFO3",NULL,"-",50,NULL,NULL,"-"
2445,"PROGRAMACION VISUAL","PROVI",NULL,"-",50,NULL,NULL,"-"
2446,"RELACIONES LABORALES","RELAB",NULL,"-",50,NULL,NULL,"-"
2447,"ELECTRONICA","ELETR",NULL,"-",50,NULL,NULL,"-"
2448,"MICROCONTROLADORES","MICRO",NULL,"-",50,NULL,NULL,"-"
2449,"INTEGRACION DE SISTEMAS AUTOMATICOS","INSAU",NULL,"-",50,NULL,NULL,"-"
2450,"ELECTROMECANICA O REDES DE CONTROL","ELM",NULL,"-",50,NULL,NULL,"-"
2485,"ADMINISTRACIÓN DEL MANTENIMIENTO","ADMAN",NULL,"-",41,NULL,NULL,"-"
2494,"DIBUJO ASISTIDO POR COMPUTADORA","DACOM",NULL,"-",41,NULL,NULL,"-"
2513,"CALIDAD","CALID",NULL,"A",39,NULL,NULL,"-"
2514,"IDIOMA EXTRANJERO II","IDEX2",NULL,"A",39,NULL,NULL,"-"
2515,"INGLES IV","IDEX4",4,"A",39,4,3,"-"
2516,"COMUNICACIONES INALÁMBRICAS","COINA",NULL,"A",39,NULL,NULL,"-"
2517,"ELECTRÓNICA DIGITAL","ELDIG",NULL,"A",39,NULL,NULL,"-"
2518,"COMUNICACIÓN DE DATOS","CODAT",NULL,"A",39,NULL,NULL,"-"
2519,"INFORMÁTICA II","INFO2",NULL,"A",39,NULL,NULL,"-"
2520,"PROGRAMACIÓN DE COMPUTADORAS","PRCOM",NULL,"A",39,NULL,NULL,"-"
2521,"MATEMÁTICAS II","MATE2",NULL,"A",39,NULL,NULL,"-"
2522,"ADMINISTRACIÓN Y MANTENIMIENTO DE REDES","AMARE",NULL,"A",39,NULL,NULL,"-"
2523,"EXPRESIÓN ORAL Y ESCRITA II","EXOE2",5,"A",39,5,3,"-"
2524,"FORMACIÓN SOCIOCULTURAL II","FOSO2",3,"A",39,2,2,"-"
2525,"INSTRUMENTACIÓN DE TELECOMUNICACIONES","ITELE",NULL,"A",39,NULL,NULL,"-"
2526,"PROYECTO DE CARRERA","PROCA",NULL,"A",39,NULL,NULL,"-"
2527,"DESARROLLO DE SITIOS WEB","DSWEB",5,"A",39,5,NULL,"-"
2528,"ELECTRONICA ANALOGICA","ELANA",NULL,"A",39,NULL,NULL,"-"
2529,"PROPAGACION Y TRATAMIENTO DE SENALES","PTASE",NULL,"A",39,NULL,NULL,"-"
2530,"PROTOCOLO DE TELECOMUNICACIONES","PRTEL",NULL,"A",39,NULL,NULL,"-"
2531,"COMUNICACIONES ALAMBRICAS","COALA",NULL,"A",39,NULL,NULL,"-"
2532,"SOFTWARE DE COMUNICACIONES","SOFCO",NULL,"A",39,NULL,NULL,"-"
2533,"FORMACION SOCIOCULTURAL IV","FOSO4",3,"A",39,4,3,"-"
2534,"INGLES V","IDEX5",4,"A",39,5,2,"-"
2535,"COMUNICACION DE REDES DE DATOS","CRDT",NULL,"A",39,NULL,NULL,"-"
2536,"SISTEMAS OPERATIVOS","SOP",5,"A",39,3,4,"-"
2537,"MATEMATICAS APLICADAS A LAS TELECOMUNICACIONES","MATEL",6,"A",39,3,5,"-"
2538,"DESARROLLO DE APLICACIONES WEB","DAPL",6,"A",39,3,2,"-"
2539,"ADMINISTRACION DE LA FUNCION INFORMATICA","AFINF",3,"A",39,3,3,"-"
2540,"INGLES III","IDEX3",4,"A",39,3,2,"-"
2541,"FORMACION SOCIOCULTURAL III","FOSO3",2,"A",39,3,2,"-"
2542,"INTEGRADORA I","IIN I",2,"A",39,3,2,"A"
2543,"ADMINISTRACION DE SERVIDORES I","ADMSI",7,"A",39,4,5,"-"
2544,"REDES WAN","RWAN",7,"A",39,4,4,"-"
2545,"SISTEMAS DE TELECOMUNICACIONES I","STELI",7,"A",39,4,5,"-"
2546,"SISTEMAS ANALOGICOS","SANL",7,"A",39,4,6,"-"
2547,"CONMUTACION EN REDES DE DATOS","CRBD",7,"A",39,3,4,"-"
2548,"ADMINISTRACION DE SERVIDORES II","ADSII",6,"A",39,5,5,"-"
2549,"INTEGRADORA II","INTG",2,"A",39,5,2,"A"
2550,"SISTEMAS DE TELECOMUNICACIONES II","STEII",7,"A",39,5,7,"-"
2551,"ADMINISTRACION DE PROYECTOS","APROY",5,"A",39,5,2,"-"
2552,"SISTEMAS DIGITALES ","SISTD",6,"A",39,5,6,"-"
2576,"CALIDAD","CALID",NULL,"-",46,NULL,NULL,"-"
2577,"IDIOMA EXTRANJERO II","IDEX2",NULL,"-",46,NULL,NULL,"-"
2578,"COMUNICACIÓN DE DATOS","CODAT",NULL,"-",46,NULL,NULL,"-"
2579,"PROGRAMACIÓN DE COMPUTADORAS","PRCOM",NULL,"-",46,NULL,NULL,"-"
2580,"MATEMÁTICAS II","MATE2",NULL,"-",46,NULL,NULL,"-"
2581,"INFORMÁTICA II","INFO2",NULL,"-",46,NULL,NULL,"-"
2582,"EXPRESIÓN ORAL Y ESCRITA II","EXOE2",NULL,"-",46,NULL,NULL,"-"
2583,"FORMACIÓN SOCIOCULTURAL II","FOSO2",NULL,"-",46,NULL,NULL,"-"
2584,"AMBIENTE ECONOMICO EMPRESARIAL","AEEMP",NULL,"-",46,NULL,NULL,"-"
2585,"DISENO GRAFICO","DGRAF",NULL,"-",46,NULL,NULL,"-"
2586,"SISTEMAS DE NEGOCIOS ELECTRONICOS I","SNELE",NULL,"-",46,NULL,NULL,"-"
2587,"CAPACITACION A USUARIOS","CUSUA",NULL,"-",46,NULL,NULL,"-"
2588,"IDIOMA EXTRANJERO IV","IDEX4",NULL,"-",46,NULL,NULL,"-"
2589,"FORMACION SOCIOCULTURAL IV","FOSO4",NULL,"-",46,NULL,NULL,"-"
2590,"INGENIERIA DE SOFTWARE","ISOFT",NULL,"-",46,NULL,NULL,"-"
2591,"MULTIMEDIA I","MULTI",NULL,"-",46,NULL,NULL,"-"
2592,"MULTIMEDIA II","MUL",NULL,"-",46,NULL,NULL,"-"
2593,"REDACCION DE DOCUMENTOS EN ESPANOL","RED",NULL,"-",46,NULL,NULL,"-"
2594,"INVESTIGACION DE OPERACIONES","IOP",NULL,"-",46,NULL,NULL,"-"
2595,"IDIOMA EXTRANJERO V","IDEX5",NULL,"-",46,NULL,NULL,"-"
2596,"DESARROLLO DE SITIOS WEB","DSWEB",NULL,"-",46,NULL,NULL,"-"
2597,"PROYECTO DE CARRERA","PROCA",NULL,"-",46,NULL,NULL,"-"
2598,"SISTEMA DE NEGOCIOS ELECTRONICOS II","SNEG",NULL,"-",46,NULL,NULL,"-"
2607,"ANATOMÍA Y FISIOLOGÍA HUMANA II","AFHU2",6,"-",8,2,3,"-"
2619,"OPERACIÓN DE VEHÍCULOS DE EMERGENCIA","OVEME",4,"-",8,5,3,"-"
2643,"SALUD PUBLICA","SAP",NULL,"-",8,NULL,NULL,"-"
2644,"PRINCIPIOS GENERALES DE FARMACOLOGIA","PGF",NULL,"-",8,NULL,NULL,"-"
2645,"METODOLOGIA DE LA INVESTIGACION","MTV",NULL,"-",8,NULL,NULL,"-"
2646,"PROCEDIMIENTOS Y TECNICAS AUXILIARES PARA EL MANEJO DE PACIENTES","PTPP",NULL,"-",8,NULL,NULL,"-"
2647,"FISIOLOGIA HUMANA","FHNA",NULL,"-",8,NULL,NULL,"-"
2648,"ANATOMIA HUMANA","AHN",NULL,"-",8,NULL,NULL,"-"
2649,"BIOQUIMICA","BIO",NULL,"-",8,NULL,NULL,"-"
2670,"CONTABILIDAD","CONTA",NULL,"A",34,NULL,NULL,"-"
2671,"BASE DE DATOS I","BDAT1",NULL,"A",34,NULL,NULL,"-"
2672,"MATEMATICAS III","MATE3",NULL,"A",34,NULL,NULL,"-"
2673,"REDES DE COMPUTO","RECOM",NULL,"A",34,NULL,NULL,"-"
2674,"INFORMATICA III","INFO3",NULL,"A",34,NULL,NULL,"-"
2675,"IDIOMA EXTRANJERO III","IDEX3",NULL,"A",34,NULL,NULL,"-"
2676,"FORMACION SOCIOCULTURAL III","FOSO3",NULL,"A",34,NULL,NULL,"-"
2677,"SOPORTE TECNICO","STEC",6,"A",34,1,4,"-"
2678,"FUNDAMENTOS DE REDES","FRED",5,"A",34,1,6,"-"
2679,"OFIMATICA","OFI",3,"A",34,1,3,"-"
2680,"EXPRESION ORAL Y ESCRITA I","EXOE1",5,"A",34,1,3,"-"
2681,"METODOLOGIA DE LA PROGRAMACION","MPRG",6,"A",34,1,3,"-"
2682,"DESARROLLO DE HABILIDADES DE PENSAMIENTO LOGICO","DPL",4,"A",34,1,3,"-"
2683,"FORMACION SOCIOCULTURAL I","FOSO1",2,"A",34,1,2,"-"
2684,"INGLES I","IDEX1",4,"A",34,1,3,"-"
2685,"INGLES II","IDEX2",4,"A",34,2,2,"-"
2686,"BASE DE DATOS","BD",6,"A",34,2,7,"-"
2687,"PROGRAMACION","PROG",6,"A",34,2,5,"-"
2688,"DESARROLLO DE HABILIDADES DE PENSAMIENTO MATEMATICO","DHPM",5,"A",34,2,5,"-"
2689,"INTRODUCCION AL ANALISIS Y DISENO DE SISTEMAS","IADS",5,"A",34,2,4,"-"
2690,"FORMACION SOCIOCULTURAL II","FOSO2",3,"A",34,2,2,"-"
2691,"REDES DE AREA LOCAL","RAL",6,"A",34,2,6,"-"
2701,"FORMACION SOCIOCULTURAL I","FOSO1",NULL,"A",53,NULL,NULL,"-"
2702,"FORMACION SOCIOCULTURAL II","FOSO2",NULL,"A",53,NULL,NULL,"-"
2703,"FORMACION SOCIOCULTURAL IV","FOSO4",NULL,"A",53,NULL,NULL,"-"
2704,"PROGRAMACION AVANZADA","PROAV",NULL,"A",53,NULL,NULL,"-"
2705,"CALIDAD","CALID",NULL,"A",53,NULL,NULL,"-"
2706,"IDIOMA EXTRANJERO I","IDEX1",NULL,"A",53,NULL,NULL,"-"
2707,"EXPRESION ORAL Y ESCRITA II","EXOE2",NULL,"A",53,NULL,NULL,"-"
2708,"IDIOMA EXTRANJERO IV","IDEX4",NULL,"A",53,NULL,NULL,"-"
2709,"INFORMATICA III","INFO3",NULL,"A",53,NULL,NULL,"-"
2710,"ANALISIS Y DISENO DE SISTEMAS DE INFORMACION I","ANDI1",NULL,"A",53,NULL,NULL,"-"
2711,"LOGICA DE PROGRAMACION","LOPRO",NULL,"A",53,NULL,NULL,"-"
2712,"CALIDAD EN EL DESARROLLO DE SOFTWARE","CDSOF",NULL,"A",53,NULL,NULL,"-"
2713,"INFORMATICA II","INFO2",NULL,"A",53,NULL,NULL,"-"
2714,"MATEMATICAS III","MATE3",NULL,"A",53,NULL,NULL,"-"
2715,"MATEMATICAS II","MATE2",NULL,"A",53,NULL,NULL,"-"
2716,"BASE DE DATOS I","BDAT1",NULL,"A",53,NULL,NULL,"-"
2717,"COMUNICACION DE DATOS","CODAT",NULL,"A",53,NULL,NULL,"-"
2718,"MANTENIMIENTO PREVENTIVO","MANPR",NULL,"A",53,NULL,NULL,"-"
2719,"PROYECTO DE CARRERA","PROCA",NULL,"A",53,NULL,NULL,"-"
2720,"ESTRUCTURA DE DATOS","ESTDA",NULL,"A",53,NULL,NULL,"-"
2721,"IDIOMA EXTRANJERO V","IDEX5",NULL,"A",53,NULL,NULL,"-"
2722,"SISTEMAS OPERATIVOS MULTIUSUARIOS","SOMUL",NULL,"A",53,NULL,NULL,"-"
2723,"CONTABILIDAD","CONTA",NULL,"A",53,NULL,NULL,"-"
2724,"BASE DE DATOS II","BDAT2",NULL,"A",53,NULL,NULL,"-"
2725,"PROGRAMACION DE COMPUTADORAS","PRCOM",NULL,"A",53,NULL,NULL,"-"
2726,"DESARROLLO DE SITIOS WEB","DSWEB",NULL,"A",53,NULL,NULL,"-"
2727,"FORMACION SOCIOCULTURAL III","FOSO3",NULL,"A",53,NULL,NULL,"-"
2728,"IDIOMA EXTRANJERO II","IDEX2",NULL,"A",53,NULL,NULL,"-"
2729,"ADMINISTRACION Y AUDITORIA DE LA FUNCION INFORMATICA","AAFIN",NULL,"A",53,NULL,NULL,"-"
2730,"REDES DE COMPUTO","RECOM",NULL,"A",53,NULL,NULL,"-"
2731,"BASE DE DATOS","BD",NULL,"A",53,NULL,NULL,"-"
2733,"INGLES I","IINGI",NULL,"A",25,NULL,NULL,"-"
2734,"OPTATIVA I","IOPTA",NULL,"A",25,NULL,NULL,"-"
2741,"INGLES II","IINII",4,"A",25,8,3,"-"
2746,"INGLES VIII","INIII",4,"A",25,9,3,"-"
2747,"OPTATIVA II","OPTII",3,"A",25,9,4,"-"
2756,"INGLES IV","INIV",NULL,"A",25,NULL,NULL,"-"
2763,"IDIOMA EXTRANJERO I","IDEX1",4,"A",17,1,3,"-"
2779,"CONTROL ESTADISTICO DE PROCESOS","ICEP",4,"A",17,3,4,"-"
2780,"PROCESO DE MANUFACTURA","PMA",5,"A",17,3,3,"-"
2784,"IDIOMA EXTRANJERO III","IDEX3",4,"A",17,3,2,"-"
2788,"IDIOMA EXTRANJERO IV","IDEX4",4,"A",17,4,3,"-"
2827,"INGLES VI","IINGI",4,"A",21,7,3,"-"
2833,"INGLES II","IINII",4,"A",21,8,3,"-"
2837,"OPTATIVA I","IOPTA",4,"A",21,8,2,"-"
2838,"OPTATIVA II","OPTII",3,"A",21,9,4,"-"
2842,"INGLES VIII","INIII",4,"A",21,9,3,"-"
2849,"INGLES IX","INIV",4,"A",21,10,3,"-"
2857,"ENTORNO DE LA EMPRESA","EEMP",NULL,"A",55,NULL,NULL,"-"
2858,"ADMINISTRACION","ADMON",NULL,"A",55,NULL,NULL,"-"
2859,"CALIDAD","CALID",NULL,"A",55,NULL,NULL,"-"
2860,"FUNDAMENTOS DE MERCADOTECNIA","FUNME",NULL,"A",55,NULL,NULL,"-"
2861,"MATEMATICAS","MAT",NULL,"A",55,NULL,NULL,"-"
2862,"INFORMATICA PARA NEGOCIOS I","IPN",NULL,"A",55,NULL,NULL,"-"
2863,"IDIOMA EXTRANJERO I","IDEX1",NULL,"A",55,NULL,NULL,"-"
2864,"EXPRESION ORAL Y ESCRITA II","EXOE2",NULL,"A",55,NULL,NULL,"-"
2865,"FORMACION SOCIOCULTURAL I","FOSO1",NULL,"A",55,NULL,NULL,"-"
2866,"ESTADISTICA PARA NEGOCIOS","IEPNE",NULL,"A",55,NULL,NULL,"-"
2867,"PRESUPUESTOS","PRE",NULL,"A",55,NULL,NULL,"-"
2868,"IDIOMA EXTRANJERO II","IDEX2",NULL,"A",55,NULL,NULL,"-"
2869,"INFORMATICA PARA NEGOCIOS II","INF",NULL,"A",55,NULL,NULL,"-"
2870,"FORMACION SOCIOCULTURAL II","FOSO2",NULL,"A",55,NULL,NULL,"-"
2871,"ESTUDIO DEL CONSUMIDOR","ECON",NULL,"A",55,NULL,NULL,"-"
2872,"PLAN DE NEGOCIOS","PLAN",NULL,"A",55,NULL,NULL,"-"
2873,"MEZCLA DE MERCADOTECNIA","MMERC",NULL,"A",55,NULL,NULL,"-"
2874,"COMUNICACION INTEGRAL DE MERCADOTECNIA","CIM",NULL,"A",55,NULL,NULL,"-"
2875,"FINANZAS","FIN",NULL,"A",55,NULL,NULL,"-"
2876,"INVESTIGACION DE MERCADOS II","IVM",NULL,"A",55,NULL,NULL,"-"
2877,"FORMACION SOCIOCULTURAL III","FOSO3",NULL,"A",55,NULL,NULL,"-"
2878,"IDIOMA EXTRANJERO V","IDEX5",NULL,"A",55,NULL,NULL,"-"
2879,"ADMINISTRACION DE ALMACEN","ADA",NULL,"A",55,NULL,NULL,"-"
2880,"INVESTIGACION DE MERCADOS I","INVM",NULL,"A",55,NULL,NULL,"-"
2881,"IDIOMA EXTRANJERO IV","IDEX4",NULL,"A",55,NULL,NULL,"-"
2882,"ESTRATEGIAS DE VENTA","EVTA",NULL,"A",55,NULL,NULL,"-"
2883,"INTEGRADORA I","IIN I",NULL,"A",55,NULL,NULL,"A"
2884,"MERCADOTECNIA ESTRATEGICA","MEST",NULL,"A",55,NULL,NULL,"-"
2885,"IDIOMA EXTRANJERO III","IDEX3",NULL,"A",55,NULL,NULL,"-"
2886,"GESTION DE VENTAS ","GVTAS",NULL,"A",55,NULL,NULL,"-"
2887,"COMPRAS","COMPR",NULL,"A",55,NULL,NULL,"-"
2888,"PRODUCCION PUBLICITARIA I","PPUB",5,"A",55,8,4,"-"
2889,"FORMACION SOCIOCULTURAL IV","FOSO4",3,"A",55,8,3,"-"
2890,"PLANEACION ESTRATEGICA DE MERCADOTECNIA","PEMER",6,"A",55,8,4,"-"
2891,"COMERCIO INTERNACIONAL","COI",6,"A",55,8,4,"-"
2892,"PRODUCCION PUBLICITARIA II","PRODP",6,"A",55,9,3,"-"
2893,"RELACIONES HUMANAS","REH",4,"A",55,9,5,"-"
2894,"INTEGRADORA II","INTG",2,"A",55,9,4,"A"
2895,"COMERCIO ELECTRONICO","CELE",4,"A",55,9,4,"-"
2896,"PLAN DE EXPORTACION","PEXP",4,"A",55,9,4,"-"
2921,"INGLES I","IINGI",4,"A",19,7,3,"-"
2925,"OPTATIVA I","IOPTA",3,"A",19,7,4,"-"
2930,"INGLES II","IINII",4,"A",19,8,3,"-"
2933,"INGLES III","INIII",4,"A",19,9,3,"-"
2939,"OPTATIVA II","OPTII",NULL,"A",19,NULL,NULL,"-"
2942,"INGLES IV","INIV",NULL,"A",19,NULL,NULL,"-"
2951,"DIBUJO INDUSTRIAL","DIND",NULL,"A",57,NULL,NULL,"-"
2952,"INFORMATICA","INFOR",NULL,"A",57,NULL,NULL,"-"
2953,"ESTATICA Y DINAMICA","ESDIN",NULL,"A",57,NULL,NULL,"-"
2954,"ALGEBRA","ALGE",NULL,"A",57,NULL,NULL,"-"
2955,"ADMINISTRACION DEL PERSONAL","APER",NULL,"A",57,NULL,NULL,"-"
2956,"CALCULO","CALCU",NULL,"A",57,NULL,NULL,"-"
2957,"CALIDAD EN EL MANTENIMIENTO","CALMI",NULL,"A",57,NULL,NULL,"-"
2958,"FORMACION SOCIOCULTURAL I","FOSO1",NULL,"A",57,NULL,NULL,"-"
2959,"INTRODUCCION AL MANTENIMIENTO","INTMA",NULL,"A",57,NULL,NULL,"-"
2960,"METODOS Y SISTEMAS DE TRABAJO","MESTR",NULL,"A",57,NULL,NULL,"-"
2961,"EXPRESION ORAL Y ESCRITA I","EXOE1",NULL,"A",57,NULL,NULL,"-"
2962,"COSTOS Y PRESUPUESTOS","CPRE",NULL,"A",57,NULL,NULL,"-"
2963,"SISTEMAS ELECTRICOS","SELEC",NULL,"A",57,NULL,NULL,"-"
2964,"REDES DE SERVICIOS INDUSTRIALES","RSIN",NULL,"A",57,NULL,NULL,"-"
2965,"SISTEMAS HIDRAULICOS","SITHI",NULL,"A",57,NULL,NULL,"-"
2966,"IDIOMA EXTRANJERO III","IDEX3",NULL,"A",57,NULL,NULL,"-"
2967,"FORMACION SOCIOCULTURAL IV","FOSO4",NULL,"A",57,NULL,NULL,"-"
2968,"INSTALACIONES ELECTRICAS","INSTE",NULL,"A",57,NULL,NULL,"-"
2969,"FORMACION SOCIOCULTURAL III","FOSO3",NULL,"A",57,NULL,NULL,"-"
2970,"IDIOMA EXTRANJERO II","IDEX2",NULL,"A",57,NULL,NULL,"-"
2971,"INGENIERIA DE MATERIALES","IIMAT",NULL,"A",57,NULL,NULL,"-"
2972,"MAQUINAS ELECTRICAS","MAELE",NULL,"A",57,NULL,NULL,"-"
2973,"INTEGRADORA I","IIN I",NULL,"A",57,NULL,NULL,"A"
2974,"ELECTRONICA DIGITAL","ELDIG",NULL,"A",57,NULL,NULL,"-"
2975,"IDIOMA EXTRANJERO I","IDEX1",NULL,"A",57,NULL,NULL,"-"
2976,"GESTION DEL MANTENIMIENTO","GMTO",NULL,"A",57,NULL,NULL,"-"
2977,"SISTEMAS NEUMATICOS","SINEU",NULL,"A",57,NULL,NULL,"-"
2978,"ELECTRONICA ANALOGICA","ELANA",NULL,"A",57,NULL,NULL,"-"
2979,"MAQUINAS Y MECANISMOS","MAMEC",NULL,"A",57,NULL,NULL,"-"
2980,"FORMACION SOCIOCULTURAL II","FOSO2",NULL,"A",57,NULL,NULL,"-"
2981,"SEGURIDAD Y MEDIO AMBIENTE","SMEDI",NULL,"A",57,NULL,NULL,"-"
2982,"INTEGRADORA II","INTG",2,"A",57,8,4,"A"
2983,"MANTENIMIENTO A PROCESOS DE MANUFACTURA","MPMAN",6,"A",57,8,3,"-"
2984,"IDIOMA EXTRANJERO IV","IDEX4",4,"A",57,8,3,"-"
2985,"MAQUINAS TERMICAS","MAQTE",6,"A",57,8,4,"-"
2986,"AUTOMATIZACION Y ROBOTICA","AUROB",6,"A",57,9,5,"-"
2987,"IDIOMA EXTRANJERO V","IDEX5",4,"A",57,9,4,"-"
2988,"EXPRESION ORAL Y ESCRITA II","EXOE2",5,"A",57,9,3,"-"
2989,"PRINCIPIOS DE PROGRAMACION","PPROG",3,"A",57,9,3,"-"
3014,"INGLES I","IINGI",NULL,"A",24,NULL,NULL,"-"
3022,"INGLES II","IINII",4,"A",24,8,3,"-"
3031,"OPTATIVA I","IOPTA",4,"A",24,9,4,"-"
3032,"INGLES III","INIII",4,"A",24,9,3,"-"
3036,"OPTATIVA II","OPTII",4,"A",24,10,5,"-"
3037,"METODOLOGIA DE LA INVESTIGACION","MTV",NULL,"A",24,NULL,NULL,"-"
3039,"INGLES IV","INIV",4,"A",24,10,3,"-"
3045,"FORMACION SOCIOCULTURAL I","FOSO1",NULL,"A",54,NULL,NULL,"-"
3046,"EXPRESION ORAL Y ESCRITA I","EXOE1",NULL,"A",54,NULL,NULL,"-"
3047,"ESTADISTICA","ESTAD",NULL,"A",54,NULL,NULL,"-"
3048,"FUNDAMENTOS DE ADMINISTRACION","FAE",NULL,"A",54,NULL,NULL,"-"
3049,"INFORMATICA","INFOR",NULL,"A",54,NULL,NULL,"-"
3050,"FORMACION SOCIOCULTURAL II","FOSO2",NULL,"A",54,NULL,NULL,"-"
3051,"EXPRESION ORAL Y ESCRITA II","EXOE2",NULL,"A",54,NULL,NULL,"-"
3052,"PROCEDIMIENTOS ADMINISTRATIVOS","PROC",NULL,"A",54,NULL,NULL,"-"
3053,"INFORMATICA APLICADA A LOS NEGOCIOS","IAN",NULL,"A",54,NULL,NULL,"-"
3054,"TEORIA Y DESARROLLO ORGANIZACIONAL","TDO",NULL,"A",54,NULL,NULL,"-"
3055,"DESARROLLO LOCAL Y REGIONAL I","DLR",NULL,"A",54,NULL,NULL,"-"
3056,"CONTABILIDAD I","CONT1",NULL,"A",54,NULL,NULL,"-"
3057,"ESTUDIO TECNICO","ETECN",NULL,"A",54,NULL,NULL,"-"
3058,"COMERCIALIZACION","COMER",NULL,"A",54,NULL,NULL,"-"
3059,"INGLES IV","INIV",NULL,"A",54,NULL,NULL,"-"
3060,"ADMINISTRACION DEL CAPITAL DE TRABAJO","ACT",NULL,"A",54,NULL,NULL,"-"
3061,"INTEGRADORA I","IIN I",NULL,"A",54,NULL,NULL,"A"
3062,"INGLES III","INIII",NULL,"A",54,NULL,NULL,"-"
3063,"ESTUDIO DE MERCADO","ESMER",NULL,"A",54,NULL,NULL,"-"
3064,"PLANEACION ESTRATEGICA","PLANE",NULL,"A",54,NULL,NULL,"-"
3065,"ECONOMIA APLICADA A LOS NEGOCIOS","ECANE",NULL,"A",54,NULL,NULL,"-"
3066,"CALIDAD","CALID",NULL,"A",54,NULL,NULL,"-"
3067,"ANALISIS E INTERPRETACION DE ESTADOS FINANCIEROS","AIEFI",NULL,"A",54,NULL,NULL,"-"
3068,"INGLES II","IINII",NULL,"A",54,NULL,NULL,"-"
3069,"FUNDAMENTOS DE MERCADOTECNIA","FUNME",NULL,"A",54,NULL,NULL,"-"
3070,"FORMACION SOCIOCULTURAL IV","FOSO4",NULL,"A",54,NULL,NULL,"-"
3071,"CONTABILIDAD II","CONT2",NULL,"A",54,NULL,NULL,"-"
3072,"DESARROLLO LOCAL Y REGIONAL II","DELR",NULL,"A",54,NULL,NULL,"-"
3073,"IDIOMA EXTRANJERO IV","IDEX4",NULL,"A",54,NULL,NULL,"-"
3074,"ESTUDIO FINANCIERO","ESF",4,"A",54,8,4,"-"
3075,"CONSULTORIA EMPRESARIAL","COEMP",4,"A",54,8,5,"-"
3076,"FORMACION SOCIOCULTURAL III","FOSO3",2,"A",54,8,2,"-"
3077,"INGLES V","INGV",4,"A",54,8,2,"-"
3078,"ADMINISTRACION DE PROYECTOS I","APRY1",1,"A",54,1,1,"-"
3079,"ADMINISTRACION DE PROYECTOS II","APRY2",4,"A",54,9,4,"-"
3080,"EVALUACION ECONOMICA FINANCIERA","EEF",7,"A",54,9,6,"-"
3081,"PLANEACION FINANCIERA","PFIN",5,"A",54,9,6,"-"
3082,"INTEGRADORA II","INTG",2,"A",54,9,3,"A"
3108,"IDIOMA EXTRANJERO I","IDEX1",4,"A",18,1,3,"-"
3126,"IDIOMA EXTRANJERO III","IDEX3",4,"A",18,3,2,"-"
3134,"ANALISIS DE CIRCUITOS ELECTRONICOS","ACEL",5,"A",18,4,2,"-"
3135,"FORMACION SOCIOCULTURAL IV","FOSO4",3,"A",18,4,3,"-"
3138,"IDIOMA EXTRANJERO IV","IDEX4",4,"A",18,4,3,"-"
3171,"INFORMATICA","INFOR",NULL,"A",56,NULL,NULL,"-"
3172,"EXPRESION ORAL Y ESCRITA I","EXOE1",NULL,"A",56,NULL,NULL,"-"
3173,"CIRCUITOS ELECTRICOS","CELEC",NULL,"A",56,NULL,NULL,"-"
3174,"MATEMATICAS","MAT",NULL,"A",56,NULL,NULL,"-"
3175,"PROCESOS PRODUCTIVOS","PPROD",NULL,"A",56,NULL,NULL,"-"
3176,"FUNDAMENTOS DE ESTATICA Y DINAMICA","FESDI",NULL,"A",56,NULL,NULL,"-"
3177,"ELECTRONICA ANALOGICA","ELANA",NULL,"A",56,NULL,NULL,"-"
3178,"FORMACION SOCIOCULTURAL I","FOSO1",NULL,"A",56,NULL,NULL,"-"
3179,"IDIOMA EXTRANJERO I","IDEX1",NULL,"A",56,NULL,NULL,"-"
3180,"SENSORES","SEN",NULL,"A",56,NULL,NULL,"-"
3181,"SISTEMAS HIDRAULICOS Y NEUMATICOS","SNH",NULL,"A",56,NULL,NULL,"-"
3182,"IDIOMA EXTRANJERO II","IDEX2",NULL,"A",56,NULL,NULL,"-"
3183,"LOGICA DE PROGRAMACION","LOPRO",NULL,"A",56,NULL,NULL,"-"
3184,"FORMACION SOCIOCULTURAL II","FOSO2",NULL,"A",56,NULL,NULL,"-"
3185,"ANALISIS DE CIRCUITOS ELECTRONICOS","ACEL",NULL,"A",56,NULL,NULL,"-"
3186,"LENGUAJE DE PROGRAMACION","LPROG",NULL,"A",56,NULL,NULL,"-"
3187,"DISPOSITIVOS ANALOGICOS","DIAN",NULL,"A",56,NULL,NULL,"-"
3188,"SISTEMAS LINEALES PARA AUTOMATIZACION","SLPA",NULL,"A",56,NULL,NULL,"-"
3189,"CONTROLADORES LOGICOS PROGRAMABLES","CLOG ",NULL,"A",56,NULL,NULL,"-"
3190,"INTEGRADORA I","IIN I",NULL,"A",56,NULL,NULL,"A"
3191,"INGLES V","INGV",NULL,"A",56,NULL,NULL,"-"
3192,"SISTEMAS DIGITALES II","SDI2",NULL,"A",56,NULL,NULL,"-"
3193,"PLANEACION DE PROYECTOS DE AUTOMATIZACION","PPAU",NULL,"A",56,NULL,NULL,"-"
3194,"SISTEMAS DIGITALES ","SISTD",NULL,"A",56,NULL,NULL,"-"
3195,"SISTEMAS MECANICOS","SME",NULL,"A",56,NULL,NULL,"-"
3196,"INGLES IV","INIV",NULL,"A",56,NULL,NULL,"-"
3197,"FORMACION SOCIOCULTURAL IV","FOSO4",NULL,"A",56,NULL,NULL,"-"
3198,"CONTROL DE MOTORES ELECTRICOS","CME",NULL,"A",56,NULL,NULL,"-"
3199,"SISTEMAS DE CONTROL AUTOMATICO","SCA",NULL,"A",56,NULL,NULL,"-"
3200,"FORMACION SOCIOCULTURAL III","FOSO3",NULL,"A",56,NULL,NULL,"-"
3201,"IDIOMA EXTRANJERO III","IDEX3",NULL,"A",56,NULL,NULL,"-"
3202,"ELEMENTOS DIMENSIONALES","EDI",NULL,"A",56,NULL,NULL,"-"
3203,"PROGRAMACION VISUAL","PROVI",5,"A",56,8,3,"-"
3204,"INSTRUMENTACION VIRTUAL","IVIRT",6,"A",56,8,3,"-"
3205,"INSTRUMENTACION INDUSTRIAL","INSTI",5,"A",56,8,4,"-"
3206,"INTEGRADORA II","INTG",2,"A",56,9,3,"A"
3207,"EXPRESION ORAL Y ESCRITA II","EXOE2",5,"A",56,9,3,"-"
3208,"INTEGRACION DE SISTEMAS AUTOMATICOS","INSAU",7,"A",56,9,5,"-"
3209,"MICROCONTROLADORES PARA INSTRUMENTACION Y CONTROL","MCPIC",6,"A",56,9,3,"-"
3240,"IDIOMA EXTRANJERO I","IDEX1",4,"A",16,1,3,"-"
3254,"IDIOMA EXTRANJERO III","IDEX3",4,"A",16,3,2,"-"
3259,"IDIOMA EXTRANJERO IV","IDEX4",4,"A",16,4,3,"-"
3298,"INGLES VI","IINGI",4,"A",22,7,3,"-"
3302,"DISEÑO ASISTIDO POR COMPUTADORA","IDACO",4,"A",22,7,6,"-"
3311,"INGLES III","INIII",4,"A",22,9,3,"-"
3316,"OPTATIVA II","OPTII",4,"A",22,9,5,"-"
3332,"IDIOMA EXTRANJERO I","IDEX1",4,"A",4,1,3,"-"
3345,"IDIOMA EXTRANJERO III","IDEX3",4,"A",4,3,2,"-"
3355,"IDIOMA EXTRANJERO IV","IDEX4",4,"A",4,4,3,"-"
3398,"IDIOMA EXTRANJERO III","IDEX3",NULL,"-",48,NULL,NULL,"-"
3424,"CONSULTORIA EMPRESARIAL","COEMP",NULL,"-",48,NULL,NULL,"-"
3428,"IDIOMA EXTRANJERO","IDEX",NULL,"-",48,NULL,NULL,"-"
3458,"OPTATIVA I","IOPTA",NULL,"A",23,NULL,NULL,"-"
3459,"INGLES I","IINGI",4,"A",23,7,3,"-"
3462,"INGLES II","IINII",4,"A",23,8,3,"-"
3466,"INGLES VIII","INIII",4,"A",23,9,3,"-"
3471,"INGLES IV","INIV",NULL,"A",23,NULL,NULL,"-"
3476,"OPTATIVA II","OPTII",NULL,"A",23,NULL,NULL,"-"
3489,"INGLES I","IINGI",NULL,"A",20,NULL,NULL,"-"
3495,"INGLES II","IINII",4,"A",20,8,3,"-"
3500,"OPTATIVA I","IOPTA",NULL,"A",20,NULL,NULL,"-"
3501,"INGLES III","INIII",4,"A",20,9,3,"-"
3504,"OPTATIVA II","OPTII",NULL,"A",20,NULL,NULL,"-"
3506,"INGLES IV","INIV",NULL,"A",20,NULL,NULL,"-"
3522,"OPTATIVA I","IOPTA",4,"A",22,8,3,"-"
3539,"INGLES IX","INIV",4,"A",22,10,3,"-"
3547,"INGLES II","IINII",4,"A",22,8,3,"-"
3571,"DISENO GRAFICO","DGRAF",6,"A",38,3,5,"-"
3572,"MERCADOTECNIA","MERCD",4,"A",38,3,3,"-"
3573,"FORMACION SOCIOCULTURAL III","FOSO3",2,"A",38,3,2,"-"
3574,"SISTEMAS OPERATIVOS","SOP",5,"A",38,3,4,"-"
3575,"MODELADO DE PROCESOS","MPRO",3,"A",38,3,3,"-"
3576,"DESARROLLO DE APLICACIONES WEB","DAPL",6,"A",38,3,2,"-"
3577,"ADMINISTRACION DE LA FUNCION INFORMATICA","AFINF",3,"A",38,3,3,"-"
3578,"IDIOMA EXTRANJERO III","IDEX3",NULL,"A",38,NULL,NULL,"-"
3579,"INTEGRADORA I","IIN I",2,"A",38,3,2,"A"
3580,"FORMACION SOCIOCULTURAL IV","FOSO4",3,"A",38,4,3,"-"
3581,"MULTIMEDIA I","MULTI",6,"A",38,4,4,"-"
3582,"ADMINISTRACION","ADMON",4,"A",38,4,3,"-"
3583,"TOPICOS MATEMATICOS","TMA",6,"A",38,4,3,"-"
3584,"COMERCIO ELECTRONICO","CELE",6,"A",38,4,3,"-"
3585,"INGLES IV","INIV",4,"A",38,4,3,"-"
3586,"ANIMACION EN 3D","A3D",6,"A",38,4,4,"-"
3587,"INGLES III","INIII",4,"A",38,3,2,"-"
3588,"INTEGRADORA II","INTG",2,"A",38,5,2,"A"
3589,"MULTIMEDIA II","MUL",7,"A",38,5,2,"-"
3590,"DESARROLLO DE SITIOS WEB PARA COMERCIO ELECTRONICO","DSWE",7,"A",38,5,3,"-"
3591,"ADMINISTRACION DE PROYECTOS","APROY",5,"A",38,5,2,"-"
3592,"INGLES V","INGV",4,"A",38,5,2,"-"
3593,"EXPRESION ORAL Y ESCRITA II","EXOE2",5,"A",38,5,3,"-"
3594,"CONTABILIDAD","CONTA",5,"A",38,5,6,"-"
3638,"INGLES I","IINGI",NULL,"A",31,NULL,NULL,"-"
3640,"INGLES II","IINII",4,"A",31,8,2,"-"
3644,"OPTATIVA I","IOPTA",3,"A",31,8,2,"-"
3646,"OPTATIVA II","OPTII",2,"A",31,8,2,"-"
3664,"ADMINISTRACION DE USUARIOS","AUS",NULL,"A",13,NULL,NULL,"-"
3665,"INGLES II","IINII",NULL,"A",13,NULL,NULL,"-"
3666,"FRAMEWORKS PARA LA PERSISTENCIA DE DATOS","FPD",NULL,"A",13,NULL,NULL,"-"
3667,"PROYECTO TUTORADO II","PTII",NULL,"A",13,NULL,NULL,"-"
3668,"WEB SERVICES","WS",NULL,"A",13,NULL,NULL,"-"
3669,"DESARROLLO DE INTERFAZ WEB II","DIWII",NULL,"A",13,NULL,NULL,"-"
3670,"ESTIMACION DE PROYECTOS","EPRO",NULL,"A",13,NULL,NULL,"-"
3671,"FRAMEWORKS PARA LA CAPA DE NEGOCIO","FCN",NULL,"A",13,NULL,NULL,"-"
3672,"DESARROLLO DE INTERFAZ WEB I","DIW",NULL,"A",13,NULL,NULL,"-"
3673,"MATEMATICAS PARA LA INFORMATICA","MINF",NULL,"A",13,NULL,NULL,"-"
3674,"METODOLOGIAS AGILES","MAG",NULL,"A",13,NULL,NULL,"-"
3675,"INGLES I","IINGI",NULL,"A",13,NULL,NULL,"-"
3679,"METROLOGIA","METRO",5,"A",32,7,3,"-"
3680,"TOPICOS DE PLANEACION URBANA","TPU",4,"A",32,7,3,"-"
3681,"INGLES VI","ING",4,"A",32,7,3,"-"
3682,"ANATOMIA DEL DESASTRE","ADES",5,"A",32,7,3,"-"
3683,"ADMINISTRACION ESTRATEGICA","ATR",5,"A",32,7,5,"-"
3684,"ADMINISTRACION DEL TIEMPO","IATIE",3,"A",32,7,2,"-"
3685,"INGLES VII","IINII",4,"A",32,8,3,"-"
3686,"PROBABILIDAD Y ESTADISTICA","PEST",5,"A",32,8,3,"-"
3687,"FÍSICA Y PROPIEDADES DE LOS MATERIALES","FPM",4,"A",32,8,3,"-"
3688,"ANÁLISIS DE RIESGO I","ARI",6,"A",32,8,3,"-"
3689,"SANIDAD EN EMERGENCIAS","SEME",3,"A",32,8,3,"-"
3690,"PLANEACION Y ORGANIZACION DEL TRABAJO","IPOTR",3,"A",32,8,3,"-"
3709,"EXPLOTACIÓN DE MINAS SUPERFICIALES","EMS",6,"A",33,2,3,"-"
3725,"PROPIEDADES Y RESISTENCIA DE MATERIALES","PROP",5,"A",33,2,4,"-"
3726,"INGLES VIII","INIII",4,"A",31,9,3,"-"
3727,"MATEMÁTICAS I","MATE1",NULL,"A",5,NULL,NULL,"-"
3728,"INFORMATICA I","INFO1",NULL,"A",5,NULL,NULL,"-"
3729,"ADMINISTRACIÓN","ADMON",NULL,"A",5,NULL,NULL,"-"
3730,"MANTENIMIENTO PREVENTIVO","MANPR",NULL,"A",5,NULL,NULL,"-"
3731,"LÓGICA DE PROGRAMACIÓN","LOPRO",NULL,"A",5,NULL,NULL,"-"
3732,"IDIOMA EXTRANJERO I","IDEX1",NULL,"A",5,NULL,NULL,"-"
3733,"EXPRESION ORAL Y ESCRITA I","EXOE1",5,"A",5,1,3,"-"
3734,"FORMACION SOCIOCULTURAL I","FOSO1",2,"A",5,1,2,"-"
3735,"MATEMÁTICAS III","MATE3",NULL,"A",5,NULL,NULL,"-"
3736,"INFORMATICA III","INFO3",NULL,"A",5,NULL,NULL,"-"
3737,"REDES DE CÓMPUTO","RECOM",NULL,"A",5,NULL,NULL,"-"
3738,"CONTABILIDAD","CONTA",NULL,"A",5,NULL,NULL,"-"
3739,"BASE DE DATOS I","BDAT1",NULL,"A",5,2,NULL,"-"
3742,"IDIOMA EXTRANJERO P/SERVICIOS","IEXSE",NULL,"-",8,NULL,NULL,"-"
3743,"CUIDADO DE PACIENTES II","CPAC2",NULL,"-",8,NULL,NULL,"-"
3745,"SERVICIO DE ALIMENTOS Y BEBIDAS","SAB",6,"A",11,4,2,"-"
3746,"MERCADOTECNIA DE SERVICIOS GASTRONOMICOS","MSG",4,"A",11,4,3,"-"
3747,"ADMINISTRACIÓN DE ALIMENTOS Y BEBIDAS II","ABII",4,"A",11,4,2,"-"
3748,"REPOSTERÍA","REPS",6,"A",11,4,2,"-"
3749,"INGLES IV","INIV",4,"A",11,4,3,"-"
3750,"FRANCÉS I","FRANC",6,"A",11,4,3,"-"
3751,"FORMACION SOCIOCULTURAL IV","FOSO4",3,"A",11,4,3,"-"
3995,"ANÁLISIS DE CIRCUITOS ELÉCTRICOS","ACE",5,"A",18,4,2,"-"
4043,"INGLES VI","INNG",4,"A",19,7,3,"-"
4044,"INGLES VIII","INGS",4,"A",19,9,3,"-"
4045,"AUDITORÍA ADMINISTRATIVA","ADMS",5,"A",19,10,3,"-"
4046,"INGLES IX","INGG",4,"A",19,10,3,"-"
4050,"INFORMÁTICA GERENCIAL","INGE",3,"A",19,7,4,"-"
4080,"INGLES VI","INNG",4,"A",20,7,3,"-"
4082,"INGLES IX","INGG",4,"A",20,10,3,"-"
4142,"FUNDAMENTOS DE ROBÓTICA INDUSTRIAL","FROB",4,"A",22,9,5,"-"
4143,"INGLES VIII","INGS",4,"A",22,9,3,"-"
4169,"PROYECTOS TECNOLÓGICOS Y DE SERVICIOS","PTS",5,"A",23,10,4,"-"
4170,"INGLES IX","INGG",4,"A",23,10,3,"-"
4171,"GESTIÓN AMBIENTAL","GAM",5,"A",23,7,3,"-"
4172,"INGLES VI","INNG",4,"A",23,7,3,"-"
4205,"INGLES IX","INGG",4,"A",24,10,3,"-"
4206,"INGLES VI","INNG",4,"A",24,7,3,"-"
4235,"OPTIMIZACIÓN DE SISTEMAS DE INFORMACIÓN","OSI",3,"A",25,7,3,"-"
4237,"INGLES VI","INNG",4,"A",25,7,3,"-"
4239,"INGLES IX","INGG",4,"A",25,10,3,"-"
4240,"MATEMATICAS","MAT",4,"A",29,1,3,"-"
4241,"QUIMICA","QUIMI",5,"A",29,1,3,"-"
4242,"BIOLOGIA","BIOLO",4,"A",29,1,3,"-"
4243,"INFORMATICA","INFOR",4,"A",29,1,4,"-"
4244,"INGLES I","IINGI",4,"A",29,1,3,"-"
4245,"EXPRESION ORAL Y ESCRITA I","EXOE1",5,"A",29,1,3,"-"
4246,"FORMACION SOCIOCULTURAL I","FOSO1",2,"A",29,1,2,"-"
4247,"ADMINISTRACIÓN DE LABORATORIOS","ADLAB",2,"A",29,1,2,"-"
4248,"FISICA CLASICA","FCLA",5,"A",29,1,5,"-"
4338,"PASTELERÍA Y REPOSTERÍA DE ESPECIALIDAD","PRES",8,"A",31,10,2,"-"
4339,"PROYECTO Y DESARROLLO DE CONCEPTOS GASTRONOMICOS","PDCG",6,"A",31,10,2,"-"
4342,"INGLES IX","INGG",4,"A",31,10,3,"-"
4344,"INGLES VI","INNG",4,"A",31,7,3,"-"
4349,"ETIQUETA Y PROTOCOLO GASTRONÓMICO","EPGAS",3,"A",31,10,2,"-"
4362,"FISICOQUIMICA","FQUI",4,"A",32,8,3,"-"
4363,"BUSQUEDA Y RESCATE I","BRES",4,"A",32,9,2,"-"
4364,"ADMINISTRACIÓN DE LA PROTECCIÓN CIVIL","APC",5,"A",32,7,5,"-"
4366,"BUSQUEDA Y RESCATE II","BRESS",4,"A",32,10,2,"-"
4367,"LOGÍSTICA EN PROTECCIÓN CIVIL","LPC",4,"A",32,9,2,"-"
4368,"PLANEACION Y GESTION DEL RIESGO I","PGR",3,"A",32,9,2,"-"
4369,"FISICOQUIMICA Y MATERIALES PELIGROSOS","FQQP",4,"A",32,9,3,"-"
4370,"INGLES VIII","INIII",4,"A",32,9,3,"-"
4371,"DIRECCION DE EQUIPOS DE ALTO RENDIMIENTO","IDEAR",2,"A",32,9,2,"-"
4381,"ANÁLISIS DE RIESGO II","ARII",4,"A",32,9,3,"-"
4399,"IDIOMA EXTRANJERO III","IDEX3",4,"A",33,3,2,"-"
4401,"PRINCIPIOS DE ADMINISTRACIÓN DEL MANTENIMIENTO","PAMTO",4,"A",33,3,2,"-"
4402,"INSTALACIONES MINERAS","IMIN",6,"A",33,3,3,"-"
4403,"BARRENACIÓN Y EXPLOSIVOS","BEXP",4,"A",33,3,2,"-"
4413,"SEGURIDAD E HIGIENE EN LA INDUSTRIA MINERA","SHIM",4,"A",33,3,2,"-"
4445,"FÍSICA","FISIC",5,"A",36,1,4,"-"
4446,"DESARROLLO SUSTENTABLE","DSUS",5,"A",36,1,4,"-"
4447,"INFORMATICA","INFOR",4,"A",36,1,5,"-"
4448,"ELECTRICIDAD Y MAGNETISMO","ELEMA",4,"A",36,1,3,"-"
4449,"IDIOMA EXTRANJERO I","IDEX1",4,"A",36,1,3,"-"
4450,"EXPRESION ORAL Y ESCRITA I","EXOE1",5,"A",36,1,3,"-"
4451,"FORMACION SOCIOCULTURAL I","FOSO1",2,"A",36,1,2,"-"
4452,"RAZONAMIENTO MATEMÁTICO","RMAT",6,"A",36,1,4,"-"
4493,"MANTENIMIENTO PREVENTIVO","MANPR",NULL,"A",39,NULL,NULL,"-"
4494,"MATEMÁTICAS I","MATE1",NULL,"A",39,NULL,NULL,"-"
4496,"IDIOMA EXTRANJERO I","IDEX1",NULL,"A",39,NULL,NULL,"-"
4497,"ADMINISTRACIÓN","ADMON",NULL,"A",39,NULL,NULL,"-"
4498,"LÓGICA DE PROGRAMACIÓN","LOPRO",NULL,"A",39,NULL,NULL,"-"
4521,"MATEMÁTICAS III","MATE3",NULL,"A",39,NULL,NULL,"-"
4522,"INFORMATICA III","INFO3",NULL,"A",39,NULL,NULL,"-"
4523,"CONTABILIDAD","CONTA",NULL,"A",39,NULL,NULL,"-"
4524,"REDES DE CÓMPUTO","RECOM",NULL,"A",39,NULL,NULL,"-"
4525,"BASE DE DATOS I","BDAT1",NULL,"A",39,NULL,NULL,"-"
4554,"FORMACION SOCIOCULTURAL I","FOSO1",2,"A",39,1,2,"-"
4555,"INFORMATICA I","INFO1",NULL,"A",39,NULL,NULL,"-"
4556,"EXPRESION ORAL Y ESCRITA I","EXOE1",5,"A",39,1,3,"-"
4746,"TALLER DE CNC I","TCNC1",NULL,"-",42,NULL,NULL,"-"
4747,"TALLER DE CNC IV","TCNC4",NULL,"-",42,NULL,NULL,"-"
4780,"ADMINISTRACIÓN","ADMON",NULL,"-",46,NULL,NULL,"-"
4781,"EXPRESIÓN ORAL Y ESCRITA I","EXOE1",NULL,"-",46,NULL,NULL,"-"
4782,"FORMACIÓN SOCIOCULTURAL I","FOSO1",NULL,"-",46,NULL,NULL,"-"
4783,"IDIOMA EXTRANJERO I","IDEX1",NULL,"-",46,NULL,NULL,"-"
4784,"INFORMÁTICA I","INFO1",NULL,"-",46,NULL,NULL,"-"
4785,"LÓGICA DE PROGRAMACIÓN","LOPRO",NULL,"-",46,NULL,NULL,"-"
4786,"MANTENIMIENTO PREVENTIVO","MANPR",NULL,"-",46,NULL,NULL,"-"
4787,"MATEMÁTICAS I","MATE1",NULL,"-",46,NULL,NULL,"-"
4858,"MATEMÁTICAS III","MATE3",NULL,"A",47,NULL,NULL,"-"
4859,"INFORMATICA III","INFO3",NULL,"A",47,NULL,NULL,"-"
4860,"COMUNICACIÓN DE DATOS","CODAT",NULL,"A",47,NULL,NULL,"-"
4861,"LÓGICA DE PROGRAMACIÓN","LOPRO",NULL,"A",47,NULL,NULL,"-"
4862,"FORMACION SOCIOCULTURAL II","FOSO2",NULL,"A",47,NULL,NULL,"-"
4863,"BASE DE DATOS I","BDAT1",NULL,"A",47,NULL,NULL,"-"
4864,"EXPRESION ORAL Y ESCRITA II","EXOE2",NULL,"A",47,NULL,NULL,"-"
4865,"IDIOMA EXTRANJERO I","IDEX1",NULL,"A",47,NULL,NULL,"-"
4866,"FORMACION SOCIOCULTURAL IV","FOSO4",NULL,"A",47,NULL,NULL,"-"
5062,"MATEMÁTICAS I","MATE1",NULL,"-",50,NULL,NULL,"-"
5063,"INFORMATICA I","INFO1",NULL,"-",50,NULL,NULL,"-"
5064,"FÍSICA","FISIC",NULL,"-",50,NULL,NULL,"-"
5065,"IDIOMA EXTRANJERO I","IDEX1",NULL,"-",50,NULL,NULL,"-"
5289,"SISTEMAS DE PRODUCCION","SISP",NULL,"A",54,NULL,NULL,"-"
5510,"MATEMÁTICAS I","MATE1",NULL,"A",58,NULL,NULL,"-"
5511,"INFORMÁTICA I","INFO1",NULL,"A",58,NULL,NULL,"-"
5512,"ADMINISTRACIÓN","ADMON",NULL,"A",58,NULL,NULL,"-"
5513,"EXPRESIÓN ORAL Y ESCRITA I","EXOE1",NULL,"A",58,NULL,NULL,"-"
5515,"CALCULO DIFERENCIAL","CALCD",4,"A",29,2,4,"-"
5516,"QUIMICA ORGANICA","ORGAN",5,"A",29,2,5,"-"
5517,"INGLES II","INGLE",4,"A",29,2,2,"-"
5518,"FORMACION SOCIOCULTURAL II","FOSCU",3,"A",29,2,2,"-"
5519,"QUIMICA INORGANICA","PREST",5,"A",29,2,3,"-"
5520,"INGLES VII","INGES",4,"A",25,8,3,"-"
5521,"CONFORMACIÓN DE MENÚS","CONME",8,"A",11,5,2,"-"
5522,"LOGÍSTICA DE EVENTOS","LOEVT",7,"A",11,5,2,"-"
5523,"EVALUACIÓN DE SERVICIOS GASTRONÓMICOS","ESGAS",5,"A",11,5,2,"-"
5524,"FRANCÉS II","FRACC",4,"A",11,5,4,"-"
5525,"TERMICA","TERMI",6,"A",36,2,4,"-"
5526,"INGLES II","IDIEX",4,"A",36,2,2,"-"
5527,"FORMACION SOCIOCULTURAL II","FORSO",3,"A",36,2,2,"-"
5528,"MECANICA INDUSTRIAL","MECIN",5,"A",36,2,4,"-"
5534,"INGLES VII","INGES",4,"A",19,8,3,"-"
5535,"INGLES VII","IGGGG",4,"A",20,8,3,"-"
5536,"CAPACITACION EN PROTECCION CIVIL","CCPCC",3,"A",32,10,2,"-"
5537,"INGLES IX","INNGG",4,"A",32,10,3,"-"
5538,"INTEGRADORA","INTEG",2,"A",32,10,3,"A"
5539,"INTERVENCION COMUNITARIA EN SITUACIONES DE DESASTRE","ICCES",4,"A",32,9,2,"-"
5540,"NEGOCIACION EMPRESARIAL","NEGEM",2,"A",32,10,2,"-"
5541,"PLANEACION Y GESTION DEL RIESGO II","PGRRR",7,"A",32,10,3,"-"
5542,"TOPICOS DE PLANEACION AMBIENTAL","TTPAM",3,"A",32,10,3,"-"
5543,"ELECTRONICA INDUSTRIAL","EESID",6,"A",36,2,5,"-"
5544,"INSTALACIONES ELECTRICAS","IEELT",7,"A",36,2,5,"-"
5545,"QUIMICA","QUIMI",4,"A",36,2,2,"-"
5546,"INGLES VII","GLEEE",4,"A",23,8,3,"-"
5547,"INGLES VII","INGGG",4,"A",21,8,3,"-"
5548,"ESTADISTICA","ESTAD",4,"A",11,2,2,"-"
5549,"INTEGRADORA II","INTEE",2,"A",11,5,2,"-"
5551,"INGLES VII","INGGE",4,"A",31,8,2,"-"
5552,"PROBABILIDAD Y ESTADISTICA","PROBB",4,"A",29,2,3,"-"
5553,"ELECTRICIDAD Y MAGNETISMO","ELECT",6,"A",29,2,3,"-"
5554,"METROLOGIA","METRO",4,"A",29,2,3,"-"
5555,"OPTATIVA I","OPTI",4,"A",32,9,2,"-"
5556,"INSTRUMENTACIÓN INDUSTRIAL","ININD",7,"A",36,3,4,"-"
5557,"MANTENIMIENTO ELECTROMECANICO","MAEL",4,"A",36,NULL,3,"-"
5558,"ENERGÍAS RENOVABLES","ENREN",7,"A",36,3,4,"-"
5559,"CALIDAD Y ESTADISTICA","CAYES",5,"A",36,3,5,"-"
5560,"INTEGRADORA I","INTEG",2,"A",36,3,2,"A"
5561,"FORMULACIÓN DE PROYECTOS","FOPRO",4,"A",36,3,4,"-"
5562,"INGLES III","INGS",4,"A",36,3,3,"-"
5563,"FORMACIÓN SOCIOCULTURAL III","FOSOC",2,"A",36,3,2,"-"
5564,"CALCULO INTEGRAL","CALIN",4,"A",29,3,2,"-"
5565,"QUÍMICA ANALITICA","QUANA",6,"A",29,3,4,"-"
5566,"OPTICA","OP",4,"A",29,3,3,"-"
5567,"INSTRUMENTACION","INST",3,"A",29,3,3,"-"
5568,"CIENCIA DE LOS MATERIALES","CIMAT",6,"A",29,3,3,"-"
5569,"SÍNTESIS DE MATERIALES I","SIMAT",5,"A",29,3,3,"-"
5570,"INGLES III","ING",4,"A",29,3,2,"-"
5571,"FORMACIÓN SOCIOCULTURAL III","FORSO",2,"A",29,3,2,"-"
5572,"PROPIEDADES DE LA MATERIA","PRMAT",5,"A",36,4,3,"-"
5573,"DIBUJO INDUSTRIAL","DIIND",5,"A",36,4,3,"-"
5574,"FISICOQUIMICA","FISQU",4,"A",36,4,3,"-"
5575,"ELECTRONICA DE POTENCIA","ELPOT",5,"A",36,4,3,"-"
5576,"ESTACIONES METEOROLOGICAS","ESMET",5,"A",36,4,2,"-"
5577,"PROCESOS INDUSTRIALES","PRIND",4,"A",36,4,3,"-"
5578,"INGLES IV","INGIV",4,"A",36,4,2,"-"
5579,"FORMACION SOCIOCULTURAL IV","FORIV",3,"A",36,4,2,"-"
5580,"INGLES I","INGI",4,"A",36,1,3,"-"
5581,"COSTOS","COST",3,"A",29,4,2,"-"
5582,"ELECTROQUIMICA","ELQUI",4,"A",29,4,3,"-"
5583,"MECANICA CUANTICA","MECUA",4,"A",29,4,4,"-"
5584,"TERMODINAMICA","TERM",6,"A",29,4,2,"-"
5585,"MECANICA DE MATERIALES","MEMAT",6,"A",29,4,4,"-"
5586,"INTEGRADORA I","INTI",2,"A",29,4,4,"A"
5587,"INGLES IV","INGIV",4,"A",29,4,3,"-"
5588,"FORMACION SOCIOCULTURAL IV","FORIV",3,"A",29,4,3,"-"
5589,"SINTESIS DE MATERIALES II","SIMII",4,"A",29,4,2,"-"
5590,"PATRIMONIO CULINARIO DE MEXICO","PCMEX",5,"A",31,7,2,"-"
5591,"COCINA ORIENTAL","COORI",7,"A",31,7,3,"-"
5592,"OPTATIVA II","OPTII",3,"A",32,10,2,"-"
5593,"TOPICOS DE PLANEACION URBANA Y AMBIENTAL","TOPUA",4,"A",32,10,3,"-"
5594,"MIXOLOGÍA","MIXIO",3,"A",31,8,2,"-"
5595,"COCINA EUROPEA","COEUR",8,"A",31,8,3,"-"
5596,"CONTABILIDAD ADMINISTRATIVA","CONAD",5,"A",31,8,3,"-"
5597,"SEGURIDAD INDUSTRIAL","SEGIN",4,"A",36,5,3,"-"
5598,"CELDAS FOTOVOLTAICAS","CELFO",5,"A",36,5,4,"-"
5599,"COLECTORES SOLARES","COLSO",5,"A",36,5,4,"-"
5600,"ADMINISTRACION DE PROYECTOS","ADMPR",5,"A",36,5,4,"-"
5601,"ADQUISICION DE DATOS","ADQDA",5,"A",36,5,3,"-"
5602,"INGLES V","INGLE",4,"A",36,5,2,"-"
5603,"EXPRESION ORAL Y ESCRITA II","EXPOE",5,"A",36,5,3,"-"
5604,"INTEGRADORA II","INTII",2,"A",36,5,2,"A"
5605,"FUNDAMENTOS DE CALIDAD","FC",3,"A",29,5,3,"-"
5606,"INCORPORACIÓN DE MATERIAS","IM",7,"A",29,5,2,"-"
5607,"NANOMATERIALES","NANOM",7,"A",29,5,4,"-"
5608,"CARACTERIZACIÓN DE MATERIALES","CARMA",7,"A",29,5,6,"-"
5609,"INTEGRADORA II","INTEG",2,"A",29,5,2,"A"
5610,"EXPRESIÓN ORAL Y ESCRITA","EOE",5,"A",29,5,1,"-"
5611,"EXPRESION ORAL Y ESCRITA II","EXP",5,"A",29,5,3,"-"
5612,"INGLES V","IGLES",5,"A",29,5,2,"-"
5613,"ANALISIS E INTERPRETACION FINANCIERA","AIF",5,"A",11,3,3,"-"
5614,"COCINA MEXICANA","COMEX",8,"A",11,3,8,"-"
5615,"GESTION DE LA CALIDAD EN ESTABLECIMIENTOS DE ALIMENTOS Y BEBIDAS","GCEAB",3,"A",11,3,3,"-"
5616,"COCINA MEXICANA","COMEX",8,"A",31,9,8,"-"
5617,"GESTION DE LA CALIDAD EN ESTABLECIMIENTOS DE ALIMENTOS Y BEBIDAS","GCEAB",3,"A",31,9,3,"-"
5618,"ANALISIS E INTERPRETACION FINANCIERA","AIF",5,"A",31,9,3,"-"
